customer_id,name,customer_pin,car_number,policy_no
CUST-1001,Garima Kapoor,6364,TN 77 2876,POL-51541472
CUST-1002,Riya Joshi,252,AP 14 4076,POL-51036885
CUST-1003,Vihaan Hegde,5703,PB 11 6600,POL-35687050
CUST-1004,Vihaan Sarkar,4488,WB 71 3009,POL-58735357
CUST-1005,Shaurya Singh,204,MP 37 4554,POL-50332875
CUST-1006,Kiran Menon,1807,RJ 79 8914,POL-21528855
CUST-1007,Myra Hegde,4277,TN 83 2969,POL-80611847
CUST-1008,Chhavi Banerjee,5027,GJ 56 6916,POL-35889695
CUST-1009,Raghav Goswami,7883,MP 03 1188,POL-72502140
CUST-1010,Pranav Shetty,571,GJ 25 9486,POL-50493450
CUST-1011,Dhruv Dutta,8541,WB 31 9424,POL-56182939
CUST-1012,Kunwar Ojha,9394,KA 73 8850,POL-94359633
CUST-1013,Ayush Vohra,3029,KL 02 7076,POL-49799864
CUST-1014,Garima Parekh,2730,MP 87 0233,POL-84170314
CUST-1015,Kartik Tyagi,3720,KL 50 5007,POL-47518180
CUST-1016,Dhruv Chauhan,1097,GJ 07 3611,POL-62310548
CUST-1017,Anshika Gupta,7182,HR 92 7089,POL-82106881
CUST-1018,Tejas Mishra,422,UP 78 8949,POL-24096980
CUST-1019,Kabir Shukla,392,TS 11 0479,POL-30752772
CUST-1020,Pranav Singh,8800,RJ 38 0395,POL-97547023
CUST-1021,Avni Mukherjee,8210,GJ 96 4904,POL-30455713
CUST-1022,Aavya Luthra,907,RJ 20 2168,POL-93981160
CUST-1023,Jatin Sarin,267,AP 39 5434,POL-80568907
CUST-1024,Kavya Saini,8475,TN 76 3385,POL-37208739
CUST-1025,Madhav Modi,3529,PB 84 6413,POL-34436075
CUST-1026,Nehal Pillai,149,HR 33 8236,POL-10713379
CUST-1027,Yuvraj Srivastava,2508,KL 45 6969,POL-73724955
CUST-1028,Akansha Ranganathan,5297,UP 22 2444,POL-68567431
CUST-1029,Avni Khurana,7937,TS 03 6529,POL-09731607
CUST-1030,Aadya Goswami,4775,WB 68 4697,POL-78266984
CUST-1031,Nidhi Kulkarni,1090,UP 99 6055,POL-84079460
CUST-1032,Kabir Ranganathan,8133,MH 97 5241,POL-11373839
CUST-1033,Kriti Grover,9858,PB 07 3504,POL-41482380
CUST-1034,Aashna Nair,8672,MP 12 9552,POL-71007894
CUST-1035,Advik Sodhi,9779,RJ 87 7439,POL-39540819
CUST-1036,Komal Thakur,3258,RJ 27 6301,POL-65581649
CUST-1037,Nikhil Gill,4289,TN 07 7561,POL-25882975
CUST-1038,Daksh Saluja,9161,WB 72 1647,POL-05831782
CUST-1039,Varun Yadav,9795,PB 47 0100,POL-05808899
CUST-1040,Diya Venkatesh,7493,AP 87 6716,POL-21863068
CUST-1041,Mansi Dubey,8610,HR 88 4099,POL-74157257
CUST-1042,Myra Yadav,308,RJ 35 4612,POL-56256063
CUST-1043,Riya Menon,4522,KL 16 9788,POL-01963011
CUST-1044,Siddharth Sarin,8750,AP 07 1252,POL-89263837
CUST-1045,Ananya Verma,1846,HR 35 5942,POL-45167945
CUST-1046,Daksh Malik,6055,HR 25 9522,POL-04976875
CUST-1047,Kabir Ojha,9925,TN 57 3222,POL-67396018
CUST-1048,Kriti Patil,5850,KL 57 0240,POL-08906310
CUST-1049,Sai Shukla,3928,AP 80 2848,POL-31310487
CUST-1050,Archana Pathak,6517,GJ 74 7324,POL-36848233
CUST-1051,Aniket Ghosh,3618,MP 69 1967,POL-86076148
CUST-1052,Pari Sethi,959,GJ 72 5293,POL-17359923
CUST-1053,Divya Goswami,2302,MP 68 5293,POL-51392167
CUST-1054,Aashna Gupta,9470,WB 54 5449,POL-70083142
CUST-1055,Gaurav Banerjee,7598,AP 85 8849,POL-16009733
CUST-1056,Nakul Gill,4069,MH 55 8138,POL-64469835
CUST-1057,Saanvi Saini,223,WB 37 3528,POL-61142632
CUST-1058,Aavya Yadav,3726,TN 92 3940,POL-36640392
CUST-1059,Komal Goel,5578,TN 77 0512,POL-26272282
CUST-1060,Janvi Joshi,2185,MP 44 6882,POL-69181303
CUST-1061,Ira Bhasin,6102,PB 84 4643,POL-40718969
CUST-1062,Kavya Tyagi,6716,MP 98 1661,POL-45512509
CUST-1063,Ananya Tyagi,4213,HR 04 5408,POL-43291310
CUST-1064,Aarav Jha,2958,DL 69 9522,POL-07791375
CUST-1065,Megha Murthy,7075,MH 21 6603,POL-84661347
CUST-1066,Khushi Mukherjee,304,DL 98 8033,POL-09844123
CUST-1067,Amrita Mishra,9911,WB 87 4869,POL-15496682
CUST-1068,Aryan Khanna,2399,RJ 89 1494,POL-56420463
CUST-1069,Niharika Sarkar,3396,TN 73 3978,POL-31467833
CUST-1070,Gaurav Pandey,8643,DL 67 3307,POL-48511122
CUST-1071,Megha Jha,2335,TN 22 7401,POL-05849902
CUST-1072,Abhinav Zutshi,3263,WB 02 0084,POL-55071155
CUST-1073,Varun Singh,3674,MH 20 4275,POL-32078324
CUST-1074,Mayank Trivedi,6145,MP 04 8833,POL-19357133
CUST-1075,Nikhil Chawla,8037,MH 53 8582,POL-70996299
CUST-1076,Gayatri Rai,5499,HR 90 6506,POL-99823193
CUST-1077,Vihaan Kapoor,703,AP 89 3498,POL-18559704
CUST-1078,Myra Soni,2768,PB 30 6437,POL-21702215
CUST-1079,Shreyas Srivastava,4836,TN 29 1405,POL-11506327
CUST-1080,Jatin Deshmukh,1238,TN 07 8665,POL-21144370
CUST-1081,Ansh Khurana,6484,RJ 56 9701,POL-67103791
CUST-1082,Nakul Venkatesh,677,TN 22 4918,POL-63746782
CUST-1083,Yuvraj Grover,5324,RJ 22 0133,POL-59140566
CUST-1084,Prisha Reddy,3424,KL 83 6031,POL-34191906
CUST-1085,Muskan Pillai,801,TN 96 6425,POL-97550627
CUST-1086,Laksh Shah,5701,AP 89 7954,POL-74163929
CUST-1087,Naman Pal,177,TN 84 4308,POL-09301405
CUST-1088,Varun Parekh,9047,TN 43 3303,POL-94611098
CUST-1089,Ananya Verma,2850,WB 87 8740,POL-14982515
CUST-1090,Vihaan Deshmukh,4356,HR 86 8426,POL-00150244
CUST-1091,Tejas Mehta,7748,KA 72 9030,POL-71487139
CUST-1092,Sahil Yadav,5726,UP 09 8442,POL-39017832
CUST-1093,Niharika Menon,4268,TN 63 2150,POL-78666257
CUST-1094,Reyansh Sarkar,5753,KL 46 9801,POL-23850226
CUST-1095,Riya Pal,2880,UP 18 4857,POL-75039481
CUST-1096,Latika Puri,6244,MH 33 7776,POL-96153191
CUST-1097,Tanmay Pandey,2566,TS 05 7402,POL-86286922
CUST-1098,Garima Chawla,5086,HR 85 8082,POL-62593646
CUST-1099,Saanvi Choudhury,4665,MH 39 5772,POL-49943327
CUST-1100,Aadya Mahajan,7415,MP 18 8041,POL-33499005
CUST-1101,Komal Sharma,9282,RJ 31 6074,POL-13491989
CUST-1102,Akansha Pal,5963,MP 59 8555,POL-34993587
CUST-1103,Nidhi Shukla,8539,AP 46 3840,POL-41802377
CUST-1104,Vedant Agarwal,3401,MH 38 4379,POL-06199754
CUST-1105,Shaurya Saini,644,HR 12 1311,POL-01634035
CUST-1106,Vivaan Chatterjee,1494,MH 36 5448,POL-84508605
CUST-1107,Utkarsh Kulkarni,4847,MP 90 9283,POL-01636995
CUST-1108,Anshika Venkatesh,3773,TN 43 3381,POL-87431163
CUST-1109,Riya Pal,8393,MH 06 0119,POL-93379403
CUST-1110,Daksh Ojha,4734,MH 31 1712,POL-09361356
CUST-1111,Navya Mehta,4931,TS 86 2923,POL-08232014
CUST-1112,Advik Saluja,5109,MH 60 6663,POL-85971255
CUST-1113,Ishika Ghosh,8059,KL 49 2590,POL-12884905
CUST-1114,Ansh Bhatt,8661,HR 90 4589,POL-60721076
CUST-1115,Kajal Kapoor,3101,KL 29 5233,POL-22703442
CUST-1116,Nidhi Kohli,3798,WB 86 4161,POL-06952784
CUST-1117,Mayank Joshi,8334,DL 44 5061,POL-77230596
CUST-1118,Raghav Malhotra,7947,TN 60 2349,POL-90433911
CUST-1119,Kiran Goel,349,MH 65 2875,POL-39629905
CUST-1120,Om Saini,2588,HR 06 3873,POL-85195124
CUST-1121,Gayatri Kashyap,8052,KA 63 1760,POL-44048811
CUST-1122,Myra Modi,4046,KL 15 8821,POL-00437696
CUST-1123,Komal Mukherjee,414,GJ 64 1678,POL-81774514
CUST-1124,Kartik Subramanian,926,DL 64 2104,POL-82462451
CUST-1125,Naman Yadav,2177,MH 45 7673,POL-89725588
CUST-1126,Navya Pal,6117,RJ 45 5134,POL-53841593
CUST-1127,Aniket Patil,3477,RJ 33 5084,POL-92087801
CUST-1128,Nishant Chawla,8550,KA 90 1505,POL-03951966
CUST-1129,Ankur Goswami,8005,DL 03 9643,POL-69655856
CUST-1130,Anjali Verma,9480,PB 46 7953,POL-39974911
CUST-1131,Advik Hegde,7228,KA 19 7895,POL-83481435
CUST-1132,Janvi Shukla,328,RJ 07 9044,POL-82771788
CUST-1133,Om Menon,2532,RJ 92 3665,POL-18392693
CUST-1134,Kartik Grover,3182,KA 83 1547,POL-70474020
CUST-1135,Pari Saini,2010,PB 06 4947,POL-53444326
CUST-1136,Kunwar Sodhi,3450,PB 86 4326,POL-07448725
CUST-1137,Madhav Trivedi,2200,WB 91 3353,POL-21241128
CUST-1138,Prisha Chawla,8832,MP 81 4755,POL-76248591
CUST-1139,Kiran Kulkarni,2475,RJ 01 8871,POL-68549731
CUST-1140,Laksh Patel,346,TS 54 7989,POL-99114137
CUST-1141,Reyansh Acharya,9633,AP 76 8579,POL-09352219
CUST-1142,Vivaan Gill,273,PB 56 6310,POL-61305864
CUST-1143,Aadya Yadav,1836,RJ 55 3680,POL-28513383
CUST-1144,Chhavi Soni,6490,TN 65 2553,POL-29538392
CUST-1145,Siddharth Goel,7408,DL 89 1787,POL-24975872
CUST-1146,Deepika Jain,3771,KL 85 8693,POL-20100862
CUST-1147,Aadya Pandey,5129,TN 86 5533,POL-01418585
CUST-1148,Aarav Mehra,5483,HR 56 9823,POL-04335672
CUST-1149,Madhav Chauhan,2659,AP 69 0659,POL-05985500
CUST-1150,Saanvi Walia,1416,TN 88 4771,POL-75087534
CUST-1151,Ansh Menon,886,UP 59 1681,POL-68733809
CUST-1152,Aanya Gill,5764,MH 28 8474,POL-01836707
CUST-1153,Muskan Sethi,8473,WB 67 6315,POL-63696253
CUST-1154,Kiran Malik,8242,PB 73 9288,POL-88121007
CUST-1155,Aadya Soni,8243,RJ 09 8821,POL-56755270
CUST-1156,Jatin Chatterjee,3831,RJ 46 6072,POL-56970937
CUST-1157,Advik Wadhwa,6474,DL 61 2826,POL-26765896
CUST-1158,Varun Rajput,9600,HR 87 1156,POL-88267732
CUST-1159,Shreyas Tyagi,1207,RJ 38 4829,POL-65102535
CUST-1160,Om Mehra,4386,TS 57 7068,POL-51708049
CUST-1161,Abhinav Jha,7465,DL 96 5673,POL-92220227
CUST-1162,Janvi Malik,1395,MP 44 2383,POL-58514569
CUST-1163,Naman Kapoor,7992,KL 60 5556,POL-20635768
CUST-1164,Akansha Pal,4386,DL 72 7687,POL-22229721
CUST-1165,Pranav Taneja,4788,KL 02 8472,POL-28419839
CUST-1166,Kartik Sarin,6850,PB 42 3276,POL-95292216
CUST-1167,Kiran Patil,6393,AP 54 4559,POL-50383609
CUST-1168,Komal Pandey,4024,DL 56 7262,POL-78707394
CUST-1169,Ananya Singh,1711,RJ 21 9248,POL-62943730
CUST-1170,Ira Prasad,2361,DL 49 2360,POL-48954273
CUST-1171,Vedant Patel,8499,RJ 52 0394,POL-49035415
CUST-1172,Rishit Reddy,7503,KL 88 2265,POL-52975534
CUST-1173,Nishant Puri,6592,WB 87 9838,POL-83958494
CUST-1174,Latika Goel,9902,TS 63 6634,POL-91172825
CUST-1175,Vedant Kaul,4169,MP 57 5329,POL-99479565
CUST-1176,Tejas Iyer,7148,WB 08 0220,POL-40135315
CUST-1177,Rishit Trivedi,1937,RJ 95 0683,POL-12030128
CUST-1178,Rishit Venkatesh,2020,GJ 38 6717,POL-34098422
CUST-1179,Yuvraj Sodhi,3822,AP 94 3041,POL-73612337
CUST-1180,Aditi Ojha,6094,PB 73 3628,POL-28575898
CUST-1181,Ira Gill,6465,MH 57 6146,POL-78650917
CUST-1182,Divya Zaidi,6838,RJ 72 3201,POL-26133072
CUST-1183,Aishwarya Kothari,1104,UP 39 2389,POL-94636210
CUST-1184,Akansha Chauhan,9057,RJ 57 4073,POL-40619033
CUST-1185,Muskan Hegde,7611,DL 53 1646,POL-97466588
CUST-1186,Aditya Zaidi,5167,UP 78 9111,POL-31747927
CUST-1187,Sai Dutta,4662,RJ 23 8125,POL-38815840
CUST-1188,Aditi Mehra,8770,UP 37 0725,POL-02193595
CUST-1189,Raghav Taneja,4585,WB 56 9641,POL-59411897
CUST-1190,Dhruv Pal,4991,TN 30 7674,POL-94763778
CUST-1191,Ishaan Pal,5133,WB 97 0252,POL-72276215
CUST-1192,Siddharth Kaul,327,GJ 88 3410,POL-96014825
CUST-1193,Tejas Goel,9210,HR 72 2441,POL-03631358
CUST-1194,Gaurav Kothari,2748,WB 45 5160,POL-52500580
CUST-1195,Janvi Malhotra,6058,UP 49 7042,POL-21609148
CUST-1196,Muskan Prasad,1547,DL 01 9071,POL-84437899
CUST-1197,Parth Singh,5764,PB 64 3595,POL-32523899
CUST-1198,Navya Venkatesh,3711,MP 77 9386,POL-38361026
CUST-1199,Gayatri Deshmukh,2269,WB 67 0021,POL-42171461
CUST-1200,Archana Khurana,6124,RJ 45 1897,POL-49138498
CUST-1201,Naman Mehta,8429,KL 42 0034,POL-43997625
CUST-1202,Pranav Ranganathan,6949,HR 96 0498,POL-72838143
CUST-1203,Vedant Dutta,2784,AP 78 1648,POL-60419183
CUST-1204,Aanya Singh,7901,WB 20 8221,POL-92729394
CUST-1205,Ananya Malhotra,8889,KA 32 3209,POL-69097674
CUST-1206,Tejas Kohli,7067,HR 38 2224,POL-49029224
CUST-1207,Pratyush Joshi,8792,HR 01 8941,POL-89132433
CUST-1208,Anjali Iyer,7792,GJ 84 7704,POL-66044512
CUST-1209,Utkarsh Zutshi,1822,RJ 03 4685,POL-96428155
CUST-1210,Riya Deshmukh,3867,KA 56 1295,POL-32602239
CUST-1211,Avni Jain,8445,MP 43 9421,POL-17014590
CUST-1212,Rishit Ojha,270,TN 56 2240,POL-18005876
CUST-1213,Ashwini Mukherjee,2830,TN 46 1094,POL-69774217
CUST-1214,Sarthak Chawla,6992,HR 97 4748,POL-58757527
CUST-1215,Siddharth Verma,9747,AP 63 7862,POL-38268057
CUST-1216,Gayatri Khanna,4778,WB 94 3519,POL-08493726
CUST-1217,Tejas Hegde,1227,GJ 44 4081,POL-12256214
CUST-1218,Reyansh Jha,2445,MP 45 7249,POL-92759232
CUST-1219,Aavya Sarin,9882,KL 70 3697,POL-54770751
CUST-1220,Nikhil Mishra,6485,RJ 37 3003,POL-69304312
CUST-1221,Prisha Saluja,2068,GJ 90 2332,POL-75128691
CUST-1222,Vihaan Kulkarni,6701,UP 21 4969,POL-39838428
CUST-1223,Naman Bhatt,5144,TN 43 6854,POL-93752220
CUST-1224,Megha Mehta,6640,MP 72 1181,POL-81810041
CUST-1225,Niharika Khurana,9139,RJ 15 6856,POL-45998045
CUST-1226,Deepika Deshmukh,8369,AP 79 7776,POL-68042551
CUST-1227,Vedant Malik,1323,TS 50 3167,POL-23151729
CUST-1228,Saanvi Goswami,1024,HR 38 5642,POL-90066451
CUST-1229,Kunwar Taneja,1782,HR 95 4283,POL-70925814
CUST-1230,Aditi Dutta,5838,HR 01 8128,POL-20052386
CUST-1231,Diya Zutshi,3067,GJ 78 4453,POL-54382071
CUST-1232,Shreyas Nair,4915,RJ 07 5770,POL-06464830
CUST-1233,Shaurya Jain,9238,MP 45 7438,POL-99901349
CUST-1234,Jatin Kohli,909,TN 27 7257,POL-40201607
CUST-1235,Aavya Hegde,8697,DL 47 7953,POL-08342847
CUST-1236,Muskan Kohli,2946,TN 58 2376,POL-83701475
CUST-1237,Anjali Sarkar,5215,PB 15 4489,POL-60630119
CUST-1238,Parth Vohra,978,WB 94 5196,POL-97200223
CUST-1239,Laksh Soni,7606,WB 35 6905,POL-84341341
CUST-1240,Yuvraj Sharma,300,PB 84 9513,POL-20788415
CUST-1241,Om Sarkar,9611,MH 50 8816,POL-75184311
CUST-1242,Dev Menon,1979,KL 38 6569,POL-67866956
CUST-1243,Aniket Bhasin,6939,MH 93 2318,POL-31146783
CUST-1244,Aniket Mishra,6756,TS 25 7829,POL-08473447
CUST-1245,Muskan Ranganathan,6167,UP 38 5396,POL-55542295
CUST-1246,Abhinav Kohli,662,KL 87 1627,POL-57460216
CUST-1247,Bhavna Goswami,8022,PB 46 4659,POL-26063267
CUST-1248,Kanika Goswami,9746,HR 84 3146,POL-78630932
CUST-1249,Vivaan Srivastava,8082,RJ 30 9401,POL-33549945
CUST-1250,Avni Kaul,2775,PB 39 7997,POL-60156253
CUST-1251,Aditi Vohra,4535,MP 39 9123,POL-68172700
CUST-1252,Sai Agarwal,8603,UP 50 2187,POL-74636784
CUST-1253,Nehal Acharya,7292,KL 68 6291,POL-43718207
CUST-1254,Muskan Modi,9632,KA 30 4523,POL-46414375
CUST-1255,Komal Trivedi,3628,DL 62 7277,POL-62030055
CUST-1256,Advik Ojha,1008,TS 99 3500,POL-16714105
CUST-1257,Anushka Malik,7400,HR 58 1143,POL-48746410
CUST-1258,Advik Iyer,8697,KL 44 6086,POL-80675360
CUST-1259,Tejas Zaidi,7913,MP 64 2322,POL-44981865
CUST-1260,Harsh Modi,8240,DL 87 2209,POL-26230650
CUST-1261,Muskan Kashyap,3192,TN 91 3213,POL-80709384
CUST-1262,Aanchal Tyagi,2177,MH 68 6581,POL-39665884
CUST-1263,Om Vaidya,7926,AP 28 8722,POL-39524644
CUST-1264,Ansh Pillai,2360,HR 29 1201,POL-42068443
CUST-1265,Nidhi Thakur,4258,WB 95 3422,POL-70961225
CUST-1266,Tanmay Walia,2563,KL 50 5130,POL-88160646
CUST-1267,Siddharth Ghosh,8685,DL 33 7783,POL-19571298
CUST-1268,Ashwini Gandhi,2614,MP 95 9756,POL-24137045
CUST-1269,Tanmay Chauhan,5092,KA 44 9503,POL-91502000
CUST-1270,Saanvi Vaidya,9485,HR 97 6686,POL-14945759
CUST-1271,Utkarsh Shukla,2930,GJ 30 9741,POL-51106553
CUST-1272,Ankur Iyer,3782,TS 27 5566,POL-90133779
CUST-1273,Tanmay Joshi,2888,GJ 91 8199,POL-12457662
CUST-1274,Gayatri Pillai,5769,AP 40 6546,POL-48768782
CUST-1275,Aditi Rajput,8781,DL 89 0118,POL-56333039
CUST-1276,Sarthak Kashyap,3386,UP 81 2725,POL-58558214
CUST-1277,Nikhil Ghosh,1996,HR 38 6176,POL-58508505
CUST-1278,Jatin Venkatesh,963,HR 05 4806,POL-54504708
CUST-1279,Aanya Kaul,8658,HR 26 8626,POL-39728691
CUST-1280,Bhavna Goswami,1537,HR 32 9346,POL-78411931
CUST-1281,Kajal Zutshi,8220,TS 98 1732,POL-58584588
CUST-1282,Pranav Bhatt,5322,KL 56 1530,POL-11005455
CUST-1283,Nidhi Patil,2576,TN 21 8468,POL-51735863
CUST-1284,Saanvi Dutta,1826,MP 61 2518,POL-79858361
CUST-1285,Arjun Venkatesh,917,MP 80 9859,POL-56413142
CUST-1286,Bhavna Kothari,8143,MH 45 2736,POL-45494800
CUST-1287,Aditya Murthy,8888,AP 59 8020,POL-48459196
CUST-1288,Deepika Choudhury,8308,HR 60 2940,POL-31850193
CUST-1289,Varun Reddy,3332,MP 77 5177,POL-99081924
CUST-1290,Utkarsh Choudhury,3096,MH 98 8732,POL-91565659
CUST-1291,Ansh Srivastava,1483,HR 09 7394,POL-00229001
CUST-1292,Gayatri Pathak,1972,KA 45 4213,POL-03167461
CUST-1293,Kriti Rajput,4584,PB 86 6870,POL-55287507
CUST-1294,Tanmay Rai,610,TS 59 6412,POL-96072343
CUST-1295,Tanmay Kaul,139,MP 55 7247,POL-31302012
CUST-1296,Yuvraj Kohli,6573,TS 70 3808,POL-55236182
CUST-1297,Dev Chatterjee,8429,DL 26 6270,POL-85422106
CUST-1298,Nikhil Mishra,2583,MH 04 9596,POL-55177157
CUST-1299,Nehal Patel,2294,MH 66 9368,POL-63894139
CUST-1300,Jatin Sharma,2393,AP 20 2385,POL-79989658
CUST-1301,Shivam Kapoor,8029,WB 19 3803,POL-46283912
CUST-1302,Reyansh Verma,8231,UP 78 7829,POL-27730412
CUST-1303,Tejas Ghosh,2373,KA 60 1642,POL-43864191
CUST-1304,Bhavna Saini,9756,KL 88 2011,POL-36252209
CUST-1305,Kriti Mishra,8770,TN 21 5701,POL-68358186
CUST-1306,Gaurav Shetty,2391,GJ 62 6213,POL-35806511
CUST-1307,Pranav Ghosh,7651,MH 82 9174,POL-21543162
CUST-1308,Aryan Tyagi,9273,PB 37 1959,POL-24598710
CUST-1309,Parth Ghosh,7648,KA 77 4731,POL-83424781
CUST-1310,Megha Jha,2504,KL 53 0831,POL-21371621
CUST-1311,Gayatri Pillai,6180,WB 95 3160,POL-58772499
CUST-1312,Esha Rao,5951,GJ 47 1859,POL-98872323
CUST-1313,Madhav Saxena,8899,TN 32 0303,POL-86868939
CUST-1314,Mayank Rai,281,RJ 52 5900,POL-59195661
CUST-1315,Varun Acharya,8795,KL 60 7744,POL-91045966
CUST-1316,Laksh Khanna,3560,UP 30 8988,POL-92220486
CUST-1317,Kartik Khan,3535,RJ 26 6853,POL-58997780
CUST-1318,Rishit Kashyap,8273,UP 63 7415,POL-94824956
CUST-1319,Pratyush Rajput,6104,DL 09 3769,POL-21076501
CUST-1320,Aadya Modi,7058,WB 91 0469,POL-54036905
CUST-1321,Aadya Iyer,2044,AP 68 9059,POL-43445128
CUST-1322,Kriti Menon,6480,MP 94 9854,POL-80894857
CUST-1323,Tanmay Deshmukh,7892,UP 31 7336,POL-21681992
CUST-1324,Kunwar Tyagi,7753,PB 32 7207,POL-29355200
CUST-1325,Aanchal Wadhwa,8084,TN 85 2397,POL-44629109
CUST-1326,Kanika Murthy,4309,TS 79 6870,POL-67820892
CUST-1327,Pranav Khurana,766,MH 54 8486,POL-32475116
CUST-1328,Ira Wadhwa,7806,KL 96 9774,POL-73331588
CUST-1329,Nehal Gill,1111,WB 78 9671,POL-51970233
CUST-1330,Ishika Chawla,8546,WB 60 7993,POL-57133986
CUST-1331,Yash Rajput,3036,MH 68 1488,POL-82088013
CUST-1332,Kabir Banerjee,8506,RJ 96 5193,POL-66664674
CUST-1333,Khushi Patil,4738,UP 52 2717,POL-99680439
CUST-1334,Akash Murthy,5391,WB 56 1661,POL-03861588
CUST-1335,Kajal Kaul,5621,KL 29 6447,POL-20221290
CUST-1336,Abhinav Zutshi,3432,UP 53 5328,POL-18143707
CUST-1337,Dev Khan,8274,AP 17 8291,POL-19991281
CUST-1338,Vihaan Khurana,7929,KL 12 0530,POL-48261909
CUST-1339,Prisha Subramanian,3307,GJ 58 0108,POL-08336409
CUST-1340,Kriti Pathak,5825,PB 81 1729,POL-00957280
CUST-1341,Prisha Gupta,9997,WB 44 2297,POL-67456293
CUST-1342,Aashna Kaul,7109,PB 10 4648,POL-49266804
CUST-1343,Ashwini Rao,9687,TN 54 5062,POL-65384573
CUST-1344,Pari Rajput,3970,DL 11 4086,POL-27498256
CUST-1345,Naman Singh,1388,TN 47 5958,POL-50240848
CUST-1346,Aadya Acharya,639,KL 75 1148,POL-85478385
CUST-1347,Kunwar Kulkarni,5447,PB 73 3023,POL-84002874
CUST-1348,Gayatri Parekh,8406,MP 94 8501,POL-01829985
CUST-1349,Nishant Sethi,4264,GJ 33 4831,POL-46160728
CUST-1350,Aryan Vaidya,431,WB 22 9012,POL-18144703
CUST-1351,Shaurya Taneja,6026,AP 25 9619,POL-09687920
CUST-1352,Akansha Dutta,3842,KL 46 5461,POL-37215684
CUST-1353,Manan Ojha,7049,TS 58 4846,POL-49675573
CUST-1354,Shaurya Pathak,193,KA 02 6673,POL-37950197
CUST-1355,Nakul Gupta,9638,MH 96 9273,POL-65448412
CUST-1356,Nehal Kohli,5092,RJ 32 7687,POL-89436293
CUST-1357,Pari Bhasin,4276,TS 16 9428,POL-97885369
CUST-1358,Madhav Luthra,9279,WB 23 6420,POL-90360524
CUST-1359,Naman Shetty,8839,TS 09 9657,POL-40028328
CUST-1360,Aanchal Pal,2212,TN 75 5644,POL-37281889
CUST-1361,Ananya Malhotra,206,KA 91 5706,POL-82573974
CUST-1362,Archana Khanna,5736,AP 21 2898,POL-90071779
CUST-1363,Ishika Wadhwa,632,AP 80 7661,POL-10394340
CUST-1364,Shreyas Mahajan,3756,WB 17 1230,POL-21078895
CUST-1365,Pranav Deshmukh,7439,TS 11 3640,POL-11481708
CUST-1366,Pranav Sarin,1164,PB 77 7011,POL-82344339
CUST-1367,Nehal Sarin,8298,TS 53 7801,POL-65506367
CUST-1368,Deepika Khan,995,UP 77 1106,POL-43118373
CUST-1369,Nishant Sarkar,9515,TN 13 7954,POL-71737555
CUST-1370,Chhavi Rai,189,GJ 49 4024,POL-71438416
CUST-1371,Riya Jha,7074,UP 31 8188,POL-69733575
CUST-1372,Aanchal Mahajan,9823,TN 77 4580,POL-09996647
CUST-1373,Abhinav Malhotra,1337,RJ 73 2969,POL-80285192
CUST-1374,Aanchal Saini,9909,HR 21 7696,POL-98218228
CUST-1375,Varun Bhatt,8989,MH 14 1446,POL-29926532
CUST-1376,Archana Grover,5458,GJ 13 8399,POL-83236517
CUST-1377,Ishika Shukla,822,MH 14 2261,POL-01894938
CUST-1378,Aditya Ranganathan,8453,AP 99 8970,POL-29705949
CUST-1379,Anushka Zutshi,4951,DL 89 4483,POL-53134690
CUST-1380,Shaurya Mukherjee,2223,PB 73 6511,POL-59207275
CUST-1381,Niharika Subramanian,5163,PB 65 6279,POL-42501558
CUST-1382,Aashna Shah,5833,KA 30 7204,POL-12261304
CUST-1383,Raghav Gupta,3873,KL 93 3544,POL-91771762
CUST-1384,Akansha Khanna,5870,MP 21 6189,POL-61302139
CUST-1385,Kunwar Sarkar,5556,PB 32 1682,POL-29762644
CUST-1386,Komal Shah,8872,DL 79 4874,POL-91138874
CUST-1387,Anjali Chawla,9700,WB 87 1276,POL-97367435
CUST-1388,Akansha Kothari,109,RJ 78 7073,POL-57132126
CUST-1389,Madhav Deshmukh,4551,PB 68 5535,POL-84625353
CUST-1390,Siddharth Vats,320,UP 53 3913,POL-32050173
CUST-1391,Ansh Saini,3050,UP 40 9909,POL-59533369
CUST-1392,Myra Subramanian,5966,KA 11 5642,POL-55678473
CUST-1393,Garima Trivedi,982,RJ 61 5205,POL-71174362
CUST-1394,Diya Walia,3618,KL 38 6923,POL-85614503
CUST-1395,Sarthak Vats,317,AP 43 7150,POL-44497543
CUST-1396,Navya Choudhury,4831,AP 27 1529,POL-85644673
CUST-1397,Nidhi Hegde,6670,RJ 02 3739,POL-55347215
CUST-1398,Akash Mehta,8895,KL 91 0740,POL-79237090
CUST-1399,Yash Rao,2007,KL 76 4836,POL-11068478
CUST-1400,Anshika Srivastava,4887,KA 99 2952,POL-47002650
CUST-1401,Tejas Vaidya,4456,GJ 26 1088,POL-63254642
CUST-1402,Yuvraj Pal,1373,TN 57 4897,POL-61262318
CUST-1403,Nikhil Pandey,6493,PB 46 8604,POL-95183150
CUST-1404,Megha Kashyap,9776,MH 12 4157,POL-80152365
CUST-1405,Deepika Tyagi,1917,MP 44 7289,POL-03720584
CUST-1406,Ananya Malik,235,DL 66 7577,POL-29703636
CUST-1407,Naman Yadav,2487,GJ 91 5347,POL-71654233
CUST-1408,Navya Bhasin,479,GJ 76 6267,POL-96753745
CUST-1409,Kabir Vats,5567,KL 24 1042,POL-63805573
CUST-1410,Pari Pal,1844,WB 11 1885,POL-60239430
CUST-1411,Khushi Khan,3701,MH 10 9746,POL-88793155
CUST-1412,Riya Pathak,7281,DL 29 5004,POL-06939391
CUST-1413,Shaurya Zutshi,9058,RJ 50 5922,POL-93293680
CUST-1414,Kavya Soni,568,RJ 43 4662,POL-33566667
CUST-1415,Komal Khurana,2227,AP 64 0654,POL-41782334
CUST-1416,Amrita Puri,5689,MH 67 9564,POL-51530180
CUST-1417,Aditya Iyer,812,KL 83 4608,POL-23509693
CUST-1418,Vivaan Hegde,9926,GJ 48 8998,POL-19597662
CUST-1419,Aanchal Mehta,9569,KL 65 2831,POL-36009734
CUST-1420,Kanika Grover,4427,TN 92 0781,POL-96276901
CUST-1421,Archana Gill,4735,GJ 07 5709,POL-17327985
CUST-1422,Sai Ghosh,9121,TN 35 4867,POL-35973599
CUST-1423,Nidhi Mahajan,7851,WB 17 0350,POL-56601190
CUST-1424,Raghav Kothari,2393,MP 60 7718,POL-96911073
CUST-1425,Ishika Kaul,4149,DL 16 0908,POL-43572499
CUST-1426,Aditi Kulkarni,6477,AP 64 7358,POL-41131665
CUST-1427,Utkarsh Wadhwa,5321,TS 92 9270,POL-24700038
CUST-1428,Harsh Ojha,8726,UP 07 3381,POL-88018927
CUST-1429,Latika Kapoor,8313,AP 75 0432,POL-06653216
CUST-1430,Nidhi Bhatt,9054,KA 45 9733,POL-83897513
CUST-1431,Arjun Nair,2484,MH 79 1352,POL-79403400
CUST-1432,Siddharth Trivedi,4212,RJ 14 8647,POL-35651072
CUST-1433,Yuvraj Dutta,2281,MP 91 4121,POL-04788266
CUST-1434,Anushka Soni,4626,RJ 29 2784,POL-96338137
CUST-1435,Janvi Rajput,5653,DL 25 8549,POL-21386297
CUST-1436,Anjali Sodhi,5511,TN 83 5727,POL-27539441
CUST-1437,Yash Dubey,5230,TS 46 1062,POL-57886990
CUST-1438,Nakul Zutshi,404,TS 78 7107,POL-58501316
CUST-1439,Raghav Rao,8396,DL 83 9489,POL-86544408
CUST-1440,Komal Mishra,5537,GJ 66 3931,POL-30435943
CUST-1441,Shaurya Sarkar,2705,KA 82 6122,POL-94882282
CUST-1442,Nikhil Vaidya,1629,MP 35 5435,POL-27308304
CUST-1443,Ananya Saini,6045,DL 68 8110,POL-33756375
CUST-1444,Chhavi Srivastava,9329,KL 97 9426,POL-56911605
CUST-1445,Nehal Sodhi,2219,TN 69 8097,POL-00956147
CUST-1446,Ishaan Sharma,6729,TS 88 1785,POL-29243830
CUST-1447,Harsh Zutshi,562,KA 70 1410,POL-64058165
CUST-1448,Amrita Iyer,5763,MH 41 7561,POL-60443057
CUST-1449,Parth Grover,834,MP 56 8592,POL-06738978
CUST-1450,Utkarsh Jain,9987,TN 12 6460,POL-94841998
CUST-1451,Ayush Kohli,3199,GJ 15 2402,POL-52454274
CUST-1452,Megha Mishra,7066,DL 32 4351,POL-18503218
CUST-1453,Archana Mehta,1939,UP 04 6912,POL-30586443
CUST-1454,Raghav Sethi,7443,DL 56 1691,POL-19124357
CUST-1455,Kavya Kashyap,9882,GJ 26 8184,POL-61612267
CUST-1456,Latika Vaidya,6788,GJ 32 9618,POL-60234801
CUST-1457,Riya Saluja,6584,UP 87 1818,POL-08879835
CUST-1458,Sai Ranganathan,6533,RJ 69 6953,POL-00924006
CUST-1459,Reyansh Agarwal,7777,MP 28 9965,POL-34438953
CUST-1460,Komal Mukherjee,8553,WB 35 0097,POL-58718280
CUST-1461,Sai Taneja,6575,AP 04 8923,POL-63078835
CUST-1462,Aishwarya Sarin,9407,KA 90 9106,POL-77399897
CUST-1463,Latika Chawla,8071,UP 26 4724,POL-28126480
CUST-1464,Myra Jain,1512,RJ 48 3334,POL-94085115
CUST-1465,Aditi Acharya,5270,UP 87 6429,POL-16723208
CUST-1466,Pratyush Malik,7395,WB 52 2961,POL-36030260
CUST-1467,Kavya Goswami,9878,WB 97 5499,POL-19596882
CUST-1468,Amrita Patel,5524,KA 29 1274,POL-27605975
CUST-1469,Yash Modi,7675,GJ 81 7067,POL-86775530
CUST-1470,Aditi Deshmukh,987,TN 04 1343,POL-73687165
CUST-1471,Varun Bhasin,5798,KA 41 7794,POL-02253626
CUST-1472,Anshika Venkatesh,7633,DL 54 0130,POL-44916256
CUST-1473,Ayush Sodhi,5759,AP 87 1328,POL-77700838
CUST-1474,Manan Pandey,5090,TN 72 9037,POL-64124911
CUST-1475,Kanika Saluja,1749,TS 11 0151,POL-67780606
CUST-1476,Yuvraj Kaul,2707,MH 57 4172,POL-70984827
CUST-1477,Saanvi Kashyap,355,MP 97 4670,POL-60826228
CUST-1478,Vihaan Tyagi,374,PB 21 8341,POL-43052714
CUST-1479,Vivaan Trivedi,3269,TN 03 8787,POL-48298983
CUST-1480,Aniket Walia,7201,MP 01 3898,POL-58550573
CUST-1481,Harsh Gill,3989,KA 97 6573,POL-83264145
CUST-1482,Ira Luthra,8854,MP 10 9324,POL-37274588
CUST-1483,Mayank Murthy,7572,TS 62 7818,POL-74906544
CUST-1484,Ananya Rao,4831,WB 99 3914,POL-64187879
CUST-1485,Sarthak Joshi,159,TS 14 3663,POL-57012639
CUST-1486,Bhavna Soni,7418,KL 92 2142,POL-35026708
CUST-1487,Sarthak Luthra,6330,PB 65 0806,POL-92035024
CUST-1488,Anushka Rajput,1799,AP 80 8154,POL-37274614
CUST-1489,Kartik Goel,5264,AP 27 6826,POL-59869941
CUST-1490,Shreyas Chawla,9954,MP 17 0850,POL-49754956
CUST-1491,Jatin Yadav,2455,MH 16 6060,POL-47589894
CUST-1492,Myra Mahajan,8777,UP 47 9242,POL-96226870
CUST-1493,Divya Kothari,7764,HR 78 7035,POL-12202595
CUST-1494,Bhavna Mahajan,9999,TS 86 1878,POL-70043224
CUST-1495,Vedant Gupta,7327,MH 33 9362,POL-00151258
CUST-1496,Megha Zaidi,2674,TS 15 1102,POL-41686594
CUST-1497,Raghav Chawla,4588,HR 36 8735,POL-24178200
CUST-1498,Ashwini Saluja,1546,DL 84 0808,POL-27729048
CUST-1499,Vihaan Pal,3972,MP 20 9543,POL-14092681
CUST-1500,Sarthak Wadhwa,3648,PB 74 3546,POL-35244683
CUST-1501,Jatin Venkatesh,1437,UP 92 2021,POL-90585840
CUST-1502,Saanvi Nair,660,KA 88 2662,POL-69620961
CUST-1503,Yuvraj Zaidi,7464,UP 10 0706,POL-62056085
CUST-1504,Bhavna Tyagi,3524,PB 87 1082,POL-44521861
CUST-1505,Kajal Khanna,8871,MH 86 4158,POL-60835770
CUST-1506,Anshika Vaidya,6291,WB 24 3091,POL-06709064
CUST-1507,Shreyas Joshi,5528,RJ 46 9866,POL-61415714
CUST-1508,Muskan Rajput,3071,PB 83 4715,POL-63077853
CUST-1509,Nidhi Wadhwa,6139,UP 55 3822,POL-38347344
CUST-1510,Myra Dutta,3898,MH 81 3933,POL-97996334
CUST-1511,Mansi Mishra,787,TS 52 2354,POL-16187058
CUST-1512,Aashna Pathak,4969,HR 94 4042,POL-74898641
CUST-1513,Nakul Ghosh,6919,MH 15 3642,POL-57250908
CUST-1514,Nishant Vaidya,7480,MP 21 9977,POL-36212998
CUST-1515,Aashna Pillai,2493,TS 46 5223,POL-75007607
CUST-1516,Dhruv Malik,1479,MH 50 5960,POL-12546897
CUST-1517,Vihaan Subramanian,743,PB 39 4678,POL-70848771
CUST-1518,Aarav Sharma,2082,MP 58 6925,POL-41789903
CUST-1519,Myra Saini,5692,AP 38 8806,POL-43449562
CUST-1520,Avni Banerjee,1144,RJ 75 1502,POL-50328587
CUST-1521,Rishit Subramanian,4568,KA 64 5722,POL-80711726
CUST-1522,Parth Ojha,3491,UP 60 4338,POL-71000201
CUST-1523,Ashwini Goswami,4919,UP 37 9765,POL-49633928
CUST-1524,Avni Rao,5198,UP 07 2200,POL-07233027
CUST-1525,Shaurya Soni,5991,HR 84 0309,POL-78057275
CUST-1526,Vivaan Tyagi,340,KL 44 9869,POL-99614209
CUST-1527,Riya Rao,3082,KL 30 0435,POL-82137325
CUST-1528,Parth Bansal,9765,MP 03 0159,POL-08313202
CUST-1529,Anjali Puri,4347,PB 09 3981,POL-24732528
CUST-1530,Komal Murthy,5782,KA 90 0942,POL-18484975
CUST-1531,Nehal Singh,8263,TN 79 1124,POL-47141564
CUST-1532,Laksh Parekh,7428,TN 43 7849,POL-79214301
CUST-1533,Amrita Rai,1192,PB 97 4762,POL-35107258
CUST-1534,Pranav Saluja,5652,TS 30 9916,POL-81634746
CUST-1535,Akansha Sharma,7325,WB 92 6385,POL-23371385
CUST-1536,Arjun Nair,9378,MH 23 7325,POL-88957658
CUST-1537,Siddharth Khan,8240,GJ 93 3288,POL-41188094
CUST-1538,Khushi Kaul,8071,HR 25 5152,POL-15798997
CUST-1539,Ayush Gandhi,587,MP 68 4952,POL-60104634
CUST-1540,Aditya Iyer,7632,DL 22 2690,POL-50979101
CUST-1541,Aanchal Wadhwa,1491,UP 16 6462,POL-38990176
CUST-1542,Kunwar Vats,714,UP 10 1938,POL-90975109
CUST-1543,Aanya Iyer,2306,WB 83 3247,POL-14370791
CUST-1544,Aanya Shetty,8112,DL 42 5866,POL-00989016
CUST-1545,Tanmay Gill,1582,MH 65 1566,POL-70594786
CUST-1546,Tejas Patil,3191,UP 72 5564,POL-87529115
CUST-1547,Garima Vohra,6376,UP 04 2368,POL-75121212
CUST-1548,Rohan Sharma,5049,MP 98 7925,POL-02018441
CUST-1549,Kartik Iyer,5770,PB 49 6183,POL-89387495
CUST-1550,Anshika Patil,7099,KL 11 8669,POL-60123837
CUST-1551,Diya Thakur,4120,TN 42 5439,POL-22875473
CUST-1552,Siddharth Ojha,1431,WB 97 4936,POL-09557151
CUST-1553,Khushi Kulkarni,3000,MP 08 8109,POL-12405172
CUST-1554,Ishika Khurana,5912,WB 52 6927,POL-51829852
CUST-1555,Ishika Parekh,1007,DL 53 8451,POL-33667349
CUST-1556,Shivam Vats,623,DL 49 9864,POL-74632772
CUST-1557,Daksh Pathak,8289,AP 22 4347,POL-07029880
CUST-1558,Kavya Murthy,2949,TN 25 7747,POL-00673177
CUST-1559,Shivam Zaidi,3737,GJ 49 8959,POL-77872607
CUST-1560,Ananya Joshi,9178,WB 39 4443,POL-32320403
CUST-1561,Raghav Mahajan,2280,TN 73 3863,POL-98975737
CUST-1562,Deepika Vats,517,MH 88 9167,POL-25327200
CUST-1563,Muskan Mukherjee,2642,MH 72 1071,POL-38752519
CUST-1564,Daksh Hegde,5378,MP 99 2857,POL-89383859
CUST-1565,Mansi Luthra,5398,TN 53 3487,POL-39708565
CUST-1566,Riya Yadav,9089,KA 97 8398,POL-55985080
CUST-1567,Bhavna Soni,8678,TS 52 8176,POL-13573408
CUST-1568,Janvi Goel,2767,PB 86 3431,POL-62566816
CUST-1569,Muskan Malhotra,5018,WB 63 6234,POL-64182631
CUST-1570,Rishit Kapoor,6668,HR 97 5079,POL-29940808
CUST-1571,Aditi Bansal,8239,DL 04 7936,POL-99252303
CUST-1572,Anshika Mehta,7840,TN 10 6606,POL-17265704
CUST-1573,Nidhi Gill,1510,PB 63 5622,POL-34917335
CUST-1574,Kabir Sharma,5935,KA 12 1850,POL-13887488
CUST-1575,Laksh Thakur,5223,WB 16 0548,POL-46510652
CUST-1576,Garima Saini,9385,MP 83 2323,POL-29635556
CUST-1577,Aanchal Shah,6379,MP 20 8020,POL-47943107
CUST-1578,Ashwini Tyagi,6190,KL 44 9662,POL-21477174
CUST-1579,Sai Yadav,3344,DL 66 1729,POL-06380378
CUST-1580,Tejas Subramanian,5334,MH 41 7971,POL-18087685
CUST-1581,Ishaan Mahajan,3937,KA 97 6673,POL-88479223
CUST-1582,Aashna Banerjee,5684,GJ 34 6996,POL-14112430
CUST-1583,Mansi Khan,6661,KA 18 9677,POL-50677904
CUST-1584,Aditi Ghosh,2095,MP 36 2586,POL-82186581
CUST-1585,Saanvi Prasad,5570,TS 75 4406,POL-31286383
CUST-1586,Anshika Parekh,9948,GJ 04 9859,POL-75654163
CUST-1587,Kanika Kapoor,3869,KA 79 8821,POL-81927820
CUST-1588,Aryan Bansal,9481,TS 98 1035,POL-30393646
CUST-1589,Ira Pillai,8900,RJ 96 1888,POL-84878081
CUST-1590,Naman Yadav,6335,HR 43 2918,POL-40622987
CUST-1591,Saanvi Shetty,4783,KL 30 4717,POL-62717680
CUST-1592,Dev Rajput,1142,TS 45 8839,POL-51691569
CUST-1593,Utkarsh Choudhury,4598,GJ 68 8085,POL-61796771
CUST-1594,Ishaan Kohli,5779,KL 19 4927,POL-86719585
CUST-1595,Megha Taneja,1765,DL 39 2267,POL-61868946
CUST-1596,Nidhi Saxena,3457,WB 56 3947,POL-45416819
CUST-1597,Dhruv Saluja,1968,RJ 31 7807,POL-29022491
CUST-1598,Nikhil Agarwal,2764,AP 40 3679,POL-47097366
CUST-1599,Ayush Ranganathan,9970,MP 98 7107,POL-95594577
CUST-1600,Kriti Chawla,8064,PB 33 8228,POL-85474445
CUST-1601,Sarthak Zutshi,92,KL 95 6024,POL-13344164
CUST-1602,Diya Puri,9405,DL 27 8895,POL-49676979
CUST-1603,Ashwini Sethi,1562,GJ 21 3151,POL-18067941
CUST-1604,Gaurav Dutta,6431,PB 67 4186,POL-42294239
CUST-1605,Nakul Nair,6022,AP 97 2586,POL-46682937
CUST-1606,Riya Shukla,9958,KL 81 9282,POL-22083454
CUST-1607,Utkarsh Gupta,7817,TN 34 5542,POL-92114627
CUST-1608,Nidhi Shah,4051,PB 01 0333,POL-83492090
CUST-1609,Ananya Pandey,2498,MH 10 8686,POL-08887845
CUST-1610,Daksh Iyer,2773,HR 50 2063,POL-26876747
CUST-1611,Rohan Rai,9783,RJ 32 9130,POL-69188558
CUST-1612,Vihaan Malik,9429,TN 27 4345,POL-87727702
CUST-1613,Harsh Jain,6025,TN 70 0780,POL-26069216
CUST-1614,Ishaan Gandhi,7782,RJ 38 6843,POL-55169975
CUST-1615,Pratyush Walia,9189,KA 78 0816,POL-10320537
CUST-1616,Advik Ghosh,1907,GJ 80 8146,POL-15478429
CUST-1617,Prisha Hegde,6547,PB 31 6497,POL-65038796
CUST-1618,Reyansh Parekh,4508,KA 92 1573,POL-24574330
CUST-1619,Yash Chatterjee,4337,KA 07 4977,POL-18496180
CUST-1620,Daksh Rao,8710,DL 86 9778,POL-95420890
CUST-1621,Deepika Taneja,5487,KL 87 0931,POL-20858108
CUST-1622,Sarthak Sarin,8786,AP 59 4797,POL-18941984
CUST-1623,Riya Mehta,4382,KL 31 0771,POL-53248511
CUST-1624,Esha Saluja,8585,HR 93 5240,POL-71907229
CUST-1625,Akansha Patil,6670,UP 80 5244,POL-58731949
CUST-1626,Rishit Bhasin,7396,HR 04 8172,POL-28890834
CUST-1627,Dev Chatterjee,6503,HR 05 4640,POL-54173821
CUST-1628,Parth Shukla,5551,MP 31 2890,POL-62138287
CUST-1629,Janvi Verma,6955,WB 14 9552,POL-14635128
CUST-1630,Nehal Singh,1484,PB 30 3920,POL-64802210
CUST-1631,Gaurav Sodhi,4471,WB 06 7897,POL-25691683
CUST-1632,Ashwini Chatterjee,4926,RJ 23 6637,POL-78155364
CUST-1633,Anshika Reddy,2868,GJ 91 6646,POL-49648737
CUST-1634,Vivaan Chauhan,9319,MP 98 8851,POL-00811212
CUST-1635,Advik Ranganathan,8590,HR 55 9965,POL-15521174
CUST-1636,Prisha Kashyap,0,HR 69 5952,POL-96779667
CUST-1637,Sai Bhatt,8442,DL 99 1710,POL-20036000
CUST-1638,Niharika Kapoor,3920,WB 43 0543,POL-21152816
CUST-1639,Komal Venkatesh,1757,KL 41 2002,POL-87699729
CUST-1640,Naman Mahajan,1972,PB 74 3359,POL-36269393
CUST-1641,Garima Patil,1009,UP 45 7802,POL-52045544
CUST-1642,Parth Singh,9311,KA 81 8539,POL-75962247
CUST-1643,Akash Agarwal,9157,GJ 40 4865,POL-41056674
CUST-1644,Arjun Rao,8513,MH 38 7495,POL-75504498
CUST-1645,Garima Sethi,3626,PB 13 7816,POL-90914905
CUST-1646,Muskan Gill,3922,DL 33 6247,POL-44217357
CUST-1647,Garima Hegde,3549,MH 85 7451,POL-03105472
CUST-1648,Harsh Zaidi,9006,WB 98 7516,POL-63069278
CUST-1649,Reyansh Luthra,558,KL 94 4647,POL-94098031
CUST-1650,Yash Kothari,7577,WB 32 2965,POL-39804404
CUST-1651,Anushka Vats,5278,MH 25 1416,POL-34538273
CUST-1652,Arjun Dutta,3469,KA 45 5657,POL-83006355
CUST-1653,Nishant Parekh,9345,MP 39 3120,POL-87640790
CUST-1654,Ananya Kashyap,8816,TN 39 8062,POL-00128178
CUST-1655,Aditya Srivastava,1781,PB 38 4516,POL-78414441
CUST-1656,Ayush Reddy,4331,AP 94 4302,POL-14771297
CUST-1657,Janvi Choudhury,2973,WB 51 4203,POL-38833093
CUST-1658,Rohan Shetty,915,UP 50 5316,POL-31075849
CUST-1659,Shivam Hegde,2684,WB 12 2157,POL-41569870
CUST-1660,Ansh Jain,8140,PB 42 4683,POL-55635957
CUST-1661,Madhav Goswami,5585,AP 06 4874,POL-92036572
CUST-1662,Varun Patil,7253,TS 74 2538,POL-03743596
CUST-1663,Rishit Rao,1276,RJ 64 7506,POL-55670267
CUST-1664,Tanmay Deshmukh,3039,GJ 11 8352,POL-49017342
CUST-1665,Kartik Sethi,5348,GJ 83 9035,POL-21518762
CUST-1666,Kajal Kaul,7866,KA 25 7163,POL-92183471
CUST-1667,Amrita Gandhi,9782,KA 48 8292,POL-59544635
CUST-1668,Kavya Patel,3857,DL 95 9407,POL-24912576
CUST-1669,Rohan Chauhan,5370,HR 75 3230,POL-03220751
CUST-1670,Aditya Sharma,7539,KA 08 5762,POL-18099580
CUST-1671,Kavya Modi,9884,PB 03 5142,POL-96320187
CUST-1672,Kabir Gupta,1679,TS 76 2931,POL-66017822
CUST-1673,Amrita Iyer,9437,AP 01 3098,POL-93284777
CUST-1674,Ashwini Rajput,8695,TS 71 0550,POL-90066284
CUST-1675,Anshika Sodhi,354,GJ 74 3814,POL-23110229
CUST-1676,Laksh Saini,286,HR 41 0760,POL-28596090
CUST-1677,Ishika Patil,8107,PB 32 7721,POL-29159523
CUST-1678,Sahil Mishra,4389,TN 21 9485,POL-59891110
CUST-1679,Reyansh Patel,9326,KA 05 7389,POL-13158179
CUST-1680,Manan Grover,1244,MH 05 5960,POL-81149266
CUST-1681,Riya Goel,775,DL 59 3073,POL-11503832
CUST-1682,Mansi Mehta,2215,MH 26 9839,POL-36181976
CUST-1683,Megha Patil,174,KA 38 0236,POL-27219601
CUST-1684,Aavya Grover,7816,MP 54 5551,POL-96717307
CUST-1685,Anshika Chatterjee,4706,WB 35 5964,POL-82850541
CUST-1686,Harsh Chauhan,7502,MP 94 2932,POL-77373162
CUST-1687,Kunwar Kohli,7450,TN 77 5585,POL-20214807
CUST-1688,Vihaan Verma,2468,MP 89 1746,POL-87904542
CUST-1689,Akash Patel,4907,TS 27 1892,POL-57031725
CUST-1690,Laksh Chatterjee,2474,KA 25 5224,POL-45897639
CUST-1691,Niharika Sharma,4536,MP 33 4815,POL-29113477
CUST-1692,Ishika Mehra,1156,PB 36 0299,POL-79886378
CUST-1693,Ishaan Patel,4758,PB 60 6615,POL-49629287
CUST-1694,Dev Acharya,1785,AP 05 6251,POL-51216588
CUST-1695,Raghav Kaul,4231,TN 97 5150,POL-42584111
CUST-1696,Kanika Rajput,9808,AP 90 0630,POL-72920426
CUST-1697,Aanchal Venkatesh,8178,UP 90 7623,POL-96183103
CUST-1698,Laksh Goel,9726,KL 81 1812,POL-02748115
CUST-1699,Garima Iyer,8323,GJ 81 1344,POL-68767290
CUST-1700,Manan Reddy,2444,RJ 02 2557,POL-18558727
CUST-1701,Bhavna Malik,694,MH 94 5884,POL-80804755
CUST-1702,Ishika Prasad,2471,TN 27 8626,POL-98747543
CUST-1703,Sahil Luthra,5245,TN 54 5096,POL-14457071
CUST-1704,Ankur Kashyap,9153,TN 40 3515,POL-56576435
CUST-1705,Parth Puri,3814,KA 89 6989,POL-58432833
CUST-1706,Madhav Jain,9696,KL 46 0553,POL-40706637
CUST-1707,Nehal Rao,5749,GJ 66 7226,POL-94510773
CUST-1708,Dev Grover,5289,PB 85 5848,POL-26858818
CUST-1709,Kabir Shukla,7454,TN 78 1813,POL-76927842
CUST-1710,Varun Dubey,8236,MP 79 0633,POL-85049422
CUST-1711,Pari Walia,5129,TN 65 9290,POL-99055057
CUST-1712,Reyansh Mukherjee,582,WB 93 9718,POL-39622345
CUST-1713,Anshika Ojha,180,RJ 90 2715,POL-57039279
CUST-1714,Niharika Goswami,9299,UP 04 2567,POL-91864582
CUST-1715,Garima Gandhi,5696,GJ 68 1208,POL-63384425
CUST-1716,Anushka Pandey,3482,PB 51 2278,POL-25433441
CUST-1717,Prisha Subramanian,5196,AP 37 8240,POL-55290589
CUST-1718,Shivam Pathak,7058,MP 88 7760,POL-59480008
CUST-1719,Ansh Kohli,9056,MH 51 8359,POL-99237526
CUST-1720,Advik Wadhwa,3547,MP 65 6064,POL-43731669
CUST-1721,Khushi Kaul,700,HR 96 9155,POL-96108702
CUST-1722,Ashwini Grover,6603,RJ 21 5753,POL-99322897
CUST-1723,Madhav Ojha,1236,MP 08 0668,POL-65207000
CUST-1724,Vivaan Khanna,5352,TS 38 9162,POL-56107317
CUST-1725,Dhruv Singh,6041,PB 22 9576,POL-28788291
CUST-1726,Yuvraj Parekh,6065,AP 62 1027,POL-61604975
CUST-1727,Arjun Kothari,766,WB 72 2564,POL-83461720
CUST-1728,Reyansh Soni,8919,PB 10 2974,POL-78279590
CUST-1729,Advik Dubey,3851,GJ 59 3037,POL-89590190
CUST-1730,Amrita Acharya,8889,KL 32 1303,POL-98484179
CUST-1731,Khushi Walia,2946,TN 46 9135,POL-23594965
CUST-1732,Aashna Bhasin,5605,WB 46 8526,POL-43280915
CUST-1733,Latika Taneja,1384,GJ 59 3571,POL-43346627
CUST-1734,Ansh Srivastava,9519,WB 92 8867,POL-65706578
CUST-1735,Ansh Khanna,7257,MP 15 2858,POL-59145343
CUST-1736,Yash Shah,6061,RJ 89 6909,POL-80489874
CUST-1737,Kajal Hegde,9659,KL 90 9140,POL-71184392
CUST-1738,Yash Mukherjee,9339,GJ 40 7720,POL-27482173
CUST-1739,Jatin Vaidya,1023,DL 49 4410,POL-60305619
CUST-1740,Utkarsh Dubey,5390,MP 94 9581,POL-25039609
CUST-1741,Pranav Wadhwa,542,MH 19 1192,POL-75387553
CUST-1742,Nehal Deshmukh,9725,MH 07 0137,POL-29905245
CUST-1743,Gayatri Parekh,94,PB 18 1130,POL-13966972
CUST-1744,Divya Bhasin,8828,TN 87 6596,POL-50915386
CUST-1745,Aniket Kapoor,5934,PB 94 1104,POL-57425002
CUST-1746,Rishit Zaidi,1893,RJ 06 9433,POL-03761263
CUST-1747,Prisha Zutshi,71,TN 31 6056,POL-82694310
CUST-1748,Shaurya Sodhi,5569,TN 60 8785,POL-03606086
CUST-1749,Deepika Kothari,6654,HR 18 7158,POL-55382513
CUST-1750,Vivaan Kapoor,9442,WB 64 6963,POL-02602902
CUST-1751,Ishika Gupta,2304,MP 03 2332,POL-41555503
CUST-1752,Latika Sethi,8606,TN 51 6923,POL-31457500
CUST-1753,Nishant Rajput,4514,HR 97 2303,POL-43276040
CUST-1754,Om Venkatesh,8029,TS 67 4158,POL-05672130
CUST-1755,Reyansh Bansal,2771,KA 03 1079,POL-57672649
CUST-1756,Aditya Gill,6864,WB 28 4680,POL-54426432
CUST-1757,Reyansh Puri,2795,TS 57 3165,POL-57251600
CUST-1758,Sahil Verma,7540,PB 63 1306,POL-42745764
CUST-1759,Ananya Prasad,3761,UP 69 7968,POL-68027472
CUST-1760,Advik Joshi,8654,KA 17 6782,POL-45658934
CUST-1761,Aarav Hegde,5490,PB 04 3866,POL-65321551
CUST-1762,Ishika Vohra,9223,AP 76 7141,POL-21225320
CUST-1763,Reyansh Singh,1215,KA 36 2453,POL-45210714
CUST-1764,Bhavna Patel,5678,RJ 36 6683,POL-51385915
CUST-1765,Nehal Venkatesh,1649,HR 11 8607,POL-69029346
CUST-1766,Garima Dutta,6754,RJ 61 3726,POL-44414803
CUST-1767,Yash Mahajan,5820,RJ 09 2075,POL-84054673
CUST-1768,Ansh Reddy,7930,KL 64 3332,POL-03211171
CUST-1769,Daksh Ojha,9362,AP 89 3421,POL-81167810
CUST-1770,Aryan Tyagi,9691,MP 31 7627,POL-88048927
CUST-1771,Janvi Sodhi,1366,RJ 13 7615,POL-41674318
CUST-1772,Megha Dubey,6082,KA 98 9507,POL-09279023
CUST-1773,Niharika Pillai,6307,GJ 59 5979,POL-24330930
CUST-1774,Rishit Venkatesh,4681,KL 07 9175,POL-17254784
CUST-1775,Shaurya Srivastava,846,MH 42 1438,POL-20349445
CUST-1776,Tanmay Mahajan,6021,PB 89 7847,POL-65871445
CUST-1777,Manan Zutshi,4311,MP 27 4494,POL-38162904
CUST-1778,Daksh Saxena,3882,DL 31 7551,POL-40341576
CUST-1779,Kanika Kulkarni,3532,TN 54 6066,POL-42877339
CUST-1780,Naman Kapoor,6943,TN 72 2184,POL-39699750
CUST-1781,Kajal Mehta,5079,UP 17 1027,POL-78402132
CUST-1782,Aashna Joshi,6759,TS 02 7540,POL-02975749
CUST-1783,Kajal Gandhi,9421,PB 93 7467,POL-96926309
CUST-1784,Kavya Acharya,3312,TS 62 1912,POL-73287084
CUST-1785,Ayush Saluja,9811,GJ 82 6770,POL-22465852
CUST-1786,Myra Subramanian,3681,DL 20 1801,POL-39859417
CUST-1787,Gaurav Rai,7254,HR 84 7488,POL-12902494
CUST-1788,Rishit Mehta,5331,HR 44 0070,POL-44414179
CUST-1789,Ishaan Acharya,3463,TS 10 0646,POL-41461145
CUST-1790,Garima Vaidya,792,GJ 96 9841,POL-25939409
CUST-1791,Ansh Reddy,6649,GJ 50 3379,POL-87149925
CUST-1792,Akash Rai,779,HR 04 6219,POL-75139118
CUST-1793,Anjali Banerjee,7816,HR 29 8366,POL-75733380
CUST-1794,Nikhil Pal,1315,KL 50 6042,POL-05845564
CUST-1795,Reyansh Thakur,9374,HR 95 2598,POL-53451367
CUST-1796,Parth Gill,8918,WB 03 8567,POL-00885543
CUST-1797,Aavya Puri,4635,KL 52 4052,POL-15554026
CUST-1798,Ananya Kaul,5271,MH 59 6180,POL-27639161
CUST-1799,Pranav Dutta,9580,HR 64 5176,POL-04840821
CUST-1800,Varun Sarkar,6911,PB 89 1321,POL-18227429
CUST-1801,Tanmay Verma,7147,KL 75 7175,POL-79600348
CUST-1802,Naman Kothari,9800,AP 39 4894,POL-37589253
CUST-1803,Vihaan Rajput,2016,RJ 47 7186,POL-96712826
CUST-1804,Vivaan Deshmukh,4087,MH 54 6972,POL-60609566
CUST-1805,Aanchal Goswami,7501,KA 30 4256,POL-47423710
CUST-1806,Aishwarya Agarwal,4679,AP 08 7900,POL-42363612
CUST-1807,Niharika Sharma,4063,KA 97 9864,POL-03664978
CUST-1808,Aishwarya Zutshi,4878,AP 73 3964,POL-65849404
CUST-1809,Vihaan Ojha,1216,AP 74 0937,POL-47877584
CUST-1810,Akash Acharya,641,WB 66 0639,POL-62983483
CUST-1811,Sarthak Luthra,9625,MH 67 7183,POL-80921304
CUST-1812,Nakul Bhatt,3762,PB 93 8972,POL-32498693
CUST-1813,Gayatri Taneja,8706,UP 71 2035,POL-67256710
CUST-1814,Kiran Gill,8967,MH 65 0647,POL-96453345
CUST-1815,Kavya Goel,8248,PB 46 1869,POL-71898789
CUST-1816,Rohan Venkatesh,6336,TN 95 4336,POL-81830696
CUST-1817,Riya Malhotra,3986,TS 76 6833,POL-52916872
CUST-1818,Manan Wadhwa,6523,MP 88 8911,POL-14979798
CUST-1819,Amrita Sarkar,6043,MH 54 1616,POL-43096349
CUST-1820,Anushka Soni,6464,UP 94 5769,POL-70196137
CUST-1821,Ayush Kaul,8065,TS 71 6467,POL-96274424
CUST-1822,Abhinav Rao,976,UP 50 1446,POL-49884780
CUST-1823,Avni Rao,8302,DL 56 3937,POL-62755975
CUST-1824,Gayatri Sarin,835,KA 31 0991,POL-04831198
CUST-1825,Diya Saxena,1003,UP 35 0940,POL-77969765
CUST-1826,Kajal Vats,5313,UP 32 5304,POL-60947335
CUST-1827,Ankur Gupta,3707,WB 88 4722,POL-12548971
CUST-1828,Janvi Grover,2116,TS 19 7708,POL-25256110
CUST-1829,Nakul Menon,3377,UP 65 3629,POL-11538657
CUST-1830,Kriti Vaidya,1319,AP 28 7161,POL-53520305
CUST-1831,Kanika Jha,1146,TS 99 8449,POL-21407217
CUST-1832,Vivaan Sarin,1500,RJ 38 1234,POL-15313627
CUST-1833,Kunwar Mahajan,5110,KL 48 2410,POL-79972026
CUST-1834,Saanvi Gill,3660,PB 17 0702,POL-64669551
CUST-1835,Archana Malik,3678,GJ 63 8252,POL-90341634
CUST-1836,Akansha Saluja,9866,TN 27 1474,POL-51901965
CUST-1837,Rohan Singh,8396,KA 67 6303,POL-08979492
CUST-1838,Ananya Malhotra,2906,KA 62 7082,POL-53149369
CUST-1839,Kavya Parekh,754,KA 21 8004,POL-34298108
CUST-1840,Anshika Venkatesh,5874,WB 90 5307,POL-98182614
CUST-1841,Aryan Singh,1180,MH 44 2689,POL-49244009
CUST-1842,Dhruv Deshmukh,7337,RJ 15 7650,POL-28478056
CUST-1843,Varun Ojha,5662,RJ 64 0972,POL-58744926
CUST-1844,Komal Rajput,7511,AP 86 5626,POL-65465889
CUST-1845,Archana Saluja,8087,RJ 76 2206,POL-32210550
CUST-1846,Ashwini Vats,5304,GJ 30 3138,POL-48636373
CUST-1847,Dev Rajput,8800,DL 91 2986,POL-61159159
CUST-1848,Vedant Srivastava,6673,MP 81 5588,POL-22122215
CUST-1849,Aditya Trivedi,7579,RJ 28 0990,POL-75902911
CUST-1850,Daksh Mukherjee,3288,MP 57 4563,POL-83562016
CUST-1851,Janvi Trivedi,2634,KA 37 8586,POL-52096359
CUST-1852,Kanika Pathak,6696,HR 46 1699,POL-35601881
CUST-1853,Sarthak Bhatt,9915,UP 28 4141,POL-44112953
CUST-1854,Abhinav Mahajan,6036,TS 05 1682,POL-20937262
CUST-1855,Aditya Banerjee,61,KL 59 8558,POL-67604024
CUST-1856,Bhavna Sethi,8925,HR 91 3841,POL-33307013
CUST-1857,Laksh Goswami,2793,PB 90 9250,POL-47536377
CUST-1858,Vedant Parekh,9011,DL 08 4359,POL-72923970
CUST-1859,Archana Rao,9379,UP 36 5483,POL-26382715
CUST-1860,Bhavna Sodhi,1436,WB 63 5053,POL-60534888
CUST-1861,Prisha Joshi,3058,GJ 68 2485,POL-47746018
CUST-1862,Shaurya Mukherjee,4512,KA 82 9624,POL-72920432
CUST-1863,Arjun Saini,4607,TS 40 2247,POL-07331140
CUST-1864,Akansha Agarwal,2859,HR 17 8801,POL-78413956
CUST-1865,Aryan Zutshi,9533,HR 29 7157,POL-06840344
CUST-1866,Om Sodhi,2283,DL 22 4749,POL-96874694
CUST-1867,Nidhi Trivedi,7949,AP 91 9189,POL-07800189
CUST-1868,Jatin Reddy,6312,WB 52 8355,POL-38175014
CUST-1869,Anushka Rajput,1033,TN 76 5032,POL-23591145
CUST-1870,Ayush Zaidi,184,WB 69 1497,POL-45594170
CUST-1871,Shivam Vats,2161,MP 60 4903,POL-11240577
CUST-1872,Shivam Sethi,1029,GJ 52 5359,POL-98015841
CUST-1873,Rohan Shah,9404,KL 03 8020,POL-32888290
CUST-1874,Akash Kohli,5097,DL 89 5586,POL-30651493
CUST-1875,Om Malhotra,6426,RJ 49 8934,POL-09029325
CUST-1876,Tanmay Zutshi,646,RJ 96 3053,POL-94660976
CUST-1877,Nishant Sarin,9155,PB 69 7285,POL-70273755
CUST-1878,Aanya Patel,7965,DL 50 8962,POL-28553452
CUST-1879,Pratyush Goswami,3558,AP 87 5990,POL-16496763
CUST-1880,Ishika Rajput,264,MH 05 4519,POL-70033776
CUST-1881,Niharika Pillai,7791,MH 16 1000,POL-41613909
CUST-1882,Aashna Choudhury,2532,RJ 45 5183,POL-86817850
CUST-1883,Aanchal Rajput,2731,TN 16 0515,POL-76502478
CUST-1884,Gaurav Vats,3283,HR 65 4640,POL-50809129
CUST-1885,Niharika Malik,3449,KL 77 4785,POL-68531196
CUST-1886,Ansh Rajput,5049,KL 45 0316,POL-02878712
CUST-1887,Amrita Choudhury,6010,DL 25 9369,POL-07951251
CUST-1888,Chhavi Reddy,4680,RJ 35 6348,POL-62847407
CUST-1889,Kabir Pillai,9980,AP 45 7996,POL-26180988
CUST-1890,Saanvi Puri,6813,HR 25 4984,POL-08907219
CUST-1891,Jatin Saini,8539,HR 88 6622,POL-62086968
CUST-1892,Vedant Yadav,5066,PB 23 5902,POL-55702419
CUST-1893,Tejas Sodhi,4882,MH 87 3042,POL-79242621
CUST-1894,Aavya Kothari,6985,RJ 49 2015,POL-91822905
CUST-1895,Sarthak Khanna,4291,DL 21 7206,POL-06711000
CUST-1896,Harsh Choudhury,1484,KA 70 2246,POL-72884540
CUST-1897,Amrita Pillai,3317,KL 69 7397,POL-18332867
CUST-1898,Kartik Rao,2601,MP 70 0491,POL-08542552
CUST-1899,Megha Verma,6733,MH 79 6440,POL-12259146
CUST-1900,Harsh Taneja,9007,MH 04 1918,POL-45859558
CUST-1901,Aadya Wadhwa,1016,GJ 74 2817,POL-53675272
CUST-1902,Vedant Kohli,2036,RJ 95 3215,POL-64247788
CUST-1903,Kunwar Patil,4537,WB 99 6566,POL-14682038
CUST-1904,Rohan Singh,8893,TN 83 8476,POL-92392097
CUST-1905,Vedant Saluja,6745,TN 41 9255,POL-96919996
CUST-1906,Tejas Khan,8027,PB 96 3190,POL-86738399
CUST-1907,Ishaan Wadhwa,6265,AP 31 3397,POL-27211413
CUST-1908,Naman Khurana,2949,DL 58 8405,POL-23917950
CUST-1909,Kartik Patel,473,HR 40 6021,POL-22131160
CUST-1910,Ayush Mehta,2899,RJ 14 9290,POL-38379428
CUST-1911,Kunwar Nair,3330,TS 43 6096,POL-29989252
CUST-1912,Kavya Trivedi,7942,WB 83 3740,POL-37263205
CUST-1913,Shreyas Kothari,1064,TS 58 7831,POL-96040238
CUST-1914,Varun Bansal,2432,TS 93 1937,POL-36200554
CUST-1915,Esha Rajput,8311,TN 89 7547,POL-69443951
CUST-1916,Anjali Sethi,6587,RJ 76 7198,POL-20176638
CUST-1917,Daksh Acharya,2315,AP 80 4816,POL-45881462
CUST-1918,Muskan Jha,9946,HR 80 0756,POL-72367587
CUST-1919,Jatin Kaul,574,HR 71 7759,POL-48538006
CUST-1920,Kanika Srivastava,7656,AP 39 9404,POL-56789962
CUST-1921,Niharika Choudhury,5977,TN 60 2771,POL-65657704
CUST-1922,Niharika Nair,9708,KL 17 1332,POL-67705884
CUST-1923,Esha Mishra,5393,TS 79 1632,POL-84177484
CUST-1924,Shaurya Thakur,5127,KL 78 6705,POL-95151575
CUST-1925,Abhinav Kashyap,8068,MH 19 5878,POL-30733723
CUST-1926,Chhavi Vaidya,650,GJ 57 4616,POL-49062344
CUST-1927,Niharika Khurana,2446,PB 72 6109,POL-63947504
CUST-1928,Prisha Verma,7849,RJ 39 0869,POL-45504522
CUST-1929,Aditya Malhotra,7616,RJ 75 7419,POL-62976787
CUST-1930,Amrita Dubey,564,UP 74 5149,POL-53816633
CUST-1931,Myra Banerjee,657,GJ 92 3586,POL-98662358
CUST-1932,Dhruv Yadav,5153,MH 66 2694,POL-03018088
CUST-1933,Aditi Parekh,2291,WB 30 9237,POL-96525824
CUST-1934,Varun Pal,5505,TS 21 5401,POL-20601659
CUST-1935,Akash Sodhi,2621,UP 22 0305,POL-04527954
CUST-1936,Anshika Modi,2393,DL 67 7003,POL-63112764
CUST-1937,Akansha Trivedi,8196,TS 75 1085,POL-47919072
CUST-1938,Kabir Mukherjee,2161,GJ 54 0553,POL-62255156
CUST-1939,Nehal Mahajan,6793,PB 82 0650,POL-93659237
CUST-1940,Khushi Patil,7019,RJ 44 9854,POL-59490791
CUST-1941,Madhav Soni,8814,RJ 65 3054,POL-78430617
CUST-1942,Ankur Mehra,3724,UP 68 5416,POL-82766478
CUST-1943,Rishit Kothari,8239,PB 56 6067,POL-65943563
CUST-1944,Gaurav Rajput,6280,WB 93 0790,POL-31956718
CUST-1945,Sarthak Reddy,927,KA 24 4950,POL-35942583
CUST-1946,Garima Ojha,8085,TS 51 3612,POL-74159948
CUST-1947,Vivaan Reddy,2321,GJ 55 4906,POL-61002989
CUST-1948,Aishwarya Bhatt,5971,UP 35 0885,POL-87607846
CUST-1949,Prisha Murthy,5481,KA 11 3792,POL-04077296
CUST-1950,Ishaan Prasad,1813,KA 09 3913,POL-43668169
CUST-1951,Yash Kohli,7767,PB 05 5182,POL-94506042
CUST-1952,Aadya Mishra,5181,PB 89 2132,POL-65829545
CUST-1953,Akansha Patel,550,TS 87 2554,POL-99569414
CUST-1954,Ishaan Khan,175,TN 09 9610,POL-31363871
CUST-1955,Harsh Chauhan,6763,MH 18 6254,POL-28361391
CUST-1956,Kajal Shah,33,UP 46 3004,POL-86722311
CUST-1957,Abhinav Thakur,5240,AP 76 1057,POL-93124693
CUST-1958,Aashna Khan,4502,TS 43 8196,POL-75935940
CUST-1959,Ansh Khurana,4845,HR 85 2183,POL-71183174
CUST-1960,Avni Verma,1340,HR 98 6878,POL-23936357
CUST-1961,Archana Khan,8262,RJ 25 8176,POL-53880385
CUST-1962,Archana Zaidi,2953,KA 40 4420,POL-96819164
CUST-1963,Pratyush Hegde,7499,MP 91 7673,POL-38200554
CUST-1964,Nishant Thakur,8415,KA 23 3328,POL-12854257
CUST-1965,Myra Kulkarni,5770,RJ 94 3476,POL-58838267
CUST-1966,Gayatri Kaul,8620,DL 90 8254,POL-24811635
CUST-1967,Parth Mahajan,7381,KL 74 8670,POL-58909499
CUST-1968,Anjali Dutta,6148,TN 21 9861,POL-10922977
CUST-1969,Om Iyer,4014,DL 31 4863,POL-16346344
CUST-1970,Abhinav Ghosh,4984,MP 76 4153,POL-70099401
CUST-1971,Akansha Khurana,397,KL 54 8088,POL-87554371
CUST-1972,Yuvraj Kothari,2298,KL 96 5511,POL-80485474
CUST-1973,Niharika Taneja,2154,UP 97 5729,POL-51978548
CUST-1974,Aishwarya Luthra,521,DL 70 5969,POL-96929451
CUST-1975,Nidhi Sarin,8825,KA 29 2468,POL-85925329
CUST-1976,Gayatri Iyer,1859,AP 56 1031,POL-76444053
CUST-1977,Prisha Pillai,3801,KA 99 4992,POL-93875548
CUST-1978,Diya Chauhan,9665,MP 36 4772,POL-77149179
CUST-1979,Kiran Sodhi,2971,GJ 88 8653,POL-01699319
CUST-1980,Kriti Gill,9771,MH 33 3170,POL-66106639
CUST-1981,Vivaan Goswami,5593,PB 65 7099,POL-40113423
CUST-1982,Anjali Mehta,1603,KA 02 7459,POL-16254585
CUST-1983,Kartik Ranganathan,4744,AP 25 8160,POL-62281184
CUST-1984,Saanvi Sharma,2242,AP 21 1065,POL-35371530
CUST-1985,Rishit Reddy,1346,KL 21 4295,POL-08790834
CUST-1986,Anshika Thakur,4867,MH 16 4984,POL-55044074
CUST-1987,Muskan Joshi,4512,KL 09 0451,POL-47091959
CUST-1988,Aditya Rao,1473,WB 16 6068,POL-64097948
CUST-1989,Bhavna Murthy,6891,PB 24 3486,POL-19777299
CUST-1990,Pratyush Mehra,5589,KA 09 4691,POL-19718619
CUST-1991,Gaurav Sethi,9147,TS 95 3379,POL-88068291
CUST-1992,Muskan Acharya,2311,KL 25 9399,POL-55847036
CUST-1993,Aarav Chauhan,8152,WB 66 0048,POL-21238048
CUST-1994,Riya Goel,138,MH 59 8970,POL-98997420
CUST-1995,Daksh Gupta,9937,KL 66 8629,POL-54270484
CUST-1996,Aanchal Sarkar,7863,AP 07 7574,POL-54753761
CUST-1997,Parth Mukherjee,986,GJ 22 9682,POL-26001664
CUST-1998,Harsh Trivedi,2101,RJ 36 9806,POL-21178002
CUST-1999,Anushka Malik,5581,RJ 54 3350,POL-08146207
CUST-2000,Vedant Pillai,7671,DL 82 7527,POL-19549263
