car_number,customer_id,vehicle_model
TN 77 2876,CUST-1001,Maruti Swift
AP 14 4076,CUST-1002,Maruti Swift
PB 11 6600,CUST-1003,Hyundai Creta
WB 71 3009,CUST-1004,Hyundai Creta
MP 37 4554,CUST-1005,Tata Nexon
RJ 79 8914,CUST-1006,Honda City
TN 83 2969,CUST-1007,Tata Nexon
GJ 56 6916,CUST-1008,Maruti Swift
MP 03 1188,CUST-1009,Honda City
GJ 25 9486,CUST-1010,Hyundai Creta
WB 31 9424,CUST-1011,Maruti Swift
KA 73 8850,CUST-1012,Honda City
KL 02 7076,CUST-1013,Honda City
MP 87 0233,CUST-1014,Hyundai Creta
KL 50 5007,CUST-1015,Hyundai Creta
GJ 07 3611,CUST-1016,Honda City
HR 92 7089,CUST-1017,Hyundai Creta
UP 78 8949,CUST-1018,Honda City
TS 11 0479,CUST-1019,Tata Nexon
RJ 38 0395,CUST-1020,Hyundai Creta
GJ 96 4904,CUST-1021,Hyundai Creta
RJ 20 2168,CUST-1022,Tata Nexon
AP 39 5434,CUST-1023,Maruti Swift
TN 76 3385,CUST-1024,Honda City
PB 84 6413,CUST-1025,Hyundai Creta
HR 33 8236,CUST-1026,Maruti Swift
KL 45 6969,CUST-1027,Hyundai Creta
UP 22 2444,CUST-1028,Maruti Swift
TS 03 6529,CUST-1029,Honda City
WB 68 4697,CUST-1030,Tata Nexon
UP 99 6055,CUST-1031,Hyundai Creta
MH 97 5241,CUST-1032,Tata Nexon
PB 07 3504,CUST-1033,Tata Nexon
MP 12 9552,CUST-1034,Maruti Swift
RJ 87 7439,CUST-1035,Hyundai Creta
RJ 27 6301,CUST-1036,Maruti Swift
TN 07 7561,CUST-1037,Hyundai Creta
WB 72 1647,CUST-1038,Hyundai Creta
PB 47 0100,CUST-1039,Tata Nexon
AP 87 6716,CUST-1040,Tata Nexon
HR 88 4099,CUST-1041,Maruti Swift
RJ 35 4612,CUST-1042,Hyundai Creta
KL 16 9788,CUST-1043,Hyundai Creta
AP 07 1252,CUST-1044,Maruti Swift
HR 35 5942,CUST-1045,Hyundai Creta
HR 25 9522,CUST-1046,Maruti Swift
TN 57 3222,CUST-1047,Honda City
KL 57 0240,CUST-1048,Hyundai Creta
AP 80 2848,CUST-1049,Maruti Swift
GJ 74 7324,CUST-1050,Hyundai Creta
MP 69 1967,CUST-1051,Maruti Swift
GJ 72 5293,CUST-1052,Hyundai Creta
MP 68 5293,CUST-1053,Tata Nexon
WB 54 5449,CUST-1054,Honda City
AP 85 8849,CUST-1055,Tata Nexon
MH 55 8138,CUST-1056,Maruti Swift
WB 37 3528,CUST-1057,Hyundai Creta
TN 92 3940,CUST-1058,Honda City
TN 77 0512,CUST-1059,Maruti Swift
MP 44 6882,CUST-1060,Hyundai Creta
PB 84 4643,CUST-1061,Honda City
MP 98 1661,CUST-1062,Honda City
HR 04 5408,CUST-1063,Tata Nexon
DL 69 9522,CUST-1064,Hyundai Creta
MH 21 6603,CUST-1065,Tata Nexon
DL 98 8033,CUST-1066,Maruti Swift
WB 87 4869,CUST-1067,Tata Nexon
RJ 89 1494,CUST-1068,Hyundai Creta
TN 73 3978,CUST-1069,Tata Nexon
DL 67 3307,CUST-1070,Hyundai Creta
TN 22 7401,CUST-1071,Tata Nexon
WB 02 0084,CUST-1072,Maruti Swift
MH 20 4275,CUST-1073,Hyundai Creta
MP 04 8833,CUST-1074,Hyundai Creta
MH 53 8582,CUST-1075,Maruti Swift
HR 90 6506,CUST-1076,Tata Nexon
AP 89 3498,CUST-1077,Honda City
PB 30 6437,CUST-1078,Tata Nexon
TN 29 1405,CUST-1079,Maruti Swift
TN 07 8665,CUST-1080,Tata Nexon
RJ 56 9701,CUST-1081,Tata Nexon
TN 22 4918,CUST-1082,Maruti Swift
RJ 22 0133,CUST-1083,Tata Nexon
KL 83 6031,CUST-1084,Tata Nexon
TN 96 6425,CUST-1085,Honda City
AP 89 7954,CUST-1086,Tata Nexon
TN 84 4308,CUST-1087,Tata Nexon
TN 43 3303,CUST-1088,Maruti Swift
WB 87 8740,CUST-1089,Honda City
HR 86 8426,CUST-1090,Hyundai Creta
KA 72 9030,CUST-1091,Hyundai Creta
UP 09 8442,CUST-1092,Hyundai Creta
TN 63 2150,CUST-1093,Hyundai Creta
KL 46 9801,CUST-1094,Hyundai Creta
UP 18 4857,CUST-1095,Honda City
MH 33 7776,CUST-1096,Tata Nexon
TS 05 7402,CUST-1097,Tata Nexon
HR 85 8082,CUST-1098,Tata Nexon
MH 39 5772,CUST-1099,Hyundai Creta
MP 18 8041,CUST-1100,Hyundai Creta
RJ 31 6074,CUST-1101,Maruti Swift
MP 59 8555,CUST-1102,Tata Nexon
AP 46 3840,CUST-1103,Maruti Swift
MH 38 4379,CUST-1104,Honda City
HR 12 1311,CUST-1105,Hyundai Creta
MH 36 5448,CUST-1106,Tata Nexon
MP 90 9283,CUST-1107,Maruti Swift
TN 43 3381,CUST-1108,Maruti Swift
MH 06 0119,CUST-1109,Hyundai Creta
MH 31 1712,CUST-1110,Honda City
TS 86 2923,CUST-1111,Honda City
MH 60 6663,CUST-1112,Maruti Swift
KL 49 2590,CUST-1113,Maruti Swift
HR 90 4589,CUST-1114,Hyundai Creta
KL 29 5233,CUST-1115,Hyundai Creta
WB 86 4161,CUST-1116,Hyundai Creta
DL 44 5061,CUST-1117,Maruti Swift
TN 60 2349,CUST-1118,Hyundai Creta
MH 65 2875,CUST-1119,Maruti Swift
HR 06 3873,CUST-1120,Tata Nexon
KA 63 1760,CUST-1121,Maruti Swift
KL 15 8821,CUST-1122,Honda City
GJ 64 1678,CUST-1123,Tata Nexon
DL 64 2104,CUST-1124,Tata Nexon
MH 45 7673,CUST-1125,Maruti Swift
RJ 45 5134,CUST-1126,Tata Nexon
RJ 33 5084,CUST-1127,Hyundai Creta
KA 90 1505,CUST-1128,Honda City
DL 03 9643,CUST-1129,Hyundai Creta
PB 46 7953,CUST-1130,Tata Nexon
KA 19 7895,CUST-1131,Honda City
RJ 07 9044,CUST-1132,Honda City
RJ 92 3665,CUST-1133,Honda City
KA 83 1547,CUST-1134,Honda City
PB 06 4947,CUST-1135,Hyundai Creta
PB 86 4326,CUST-1136,Honda City
WB 91 3353,CUST-1137,Honda City
MP 81 4755,CUST-1138,Maruti Swift
RJ 01 8871,CUST-1139,Tata Nexon
TS 54 7989,CUST-1140,Tata Nexon
AP 76 8579,CUST-1141,Tata Nexon
PB 56 6310,CUST-1142,Maruti Swift
RJ 55 3680,CUST-1143,Maruti Swift
TN 65 2553,CUST-1144,Hyundai Creta
DL 89 1787,CUST-1145,Tata Nexon
KL 85 8693,CUST-1146,Hyundai Creta
TN 86 5533,CUST-1147,Hyundai Creta
HR 56 9823,CUST-1148,Tata Nexon
AP 69 0659,CUST-1149,Hyundai Creta
TN 88 4771,CUST-1150,Hyundai Creta
UP 59 1681,CUST-1151,Maruti Swift
MH 28 8474,CUST-1152,Maruti Swift
WB 67 6315,CUST-1153,Honda City
PB 73 9288,CUST-1154,Honda City
RJ 09 8821,CUST-1155,Maruti Swift
RJ 46 6072,CUST-1156,Maruti Swift
DL 61 2826,CUST-1157,Honda City
HR 87 1156,CUST-1158,Tata Nexon
RJ 38 4829,CUST-1159,Tata Nexon
TS 57 7068,CUST-1160,Honda City
DL 96 5673,CUST-1161,Tata Nexon
MP 44 2383,CUST-1162,Maruti Swift
KL 60 5556,CUST-1163,Tata Nexon
DL 72 7687,CUST-1164,Tata Nexon
KL 02 8472,CUST-1165,Tata Nexon
PB 42 3276,CUST-1166,Hyundai Creta
AP 54 4559,CUST-1167,Maruti Swift
DL 56 7262,CUST-1168,Honda City
RJ 21 9248,CUST-1169,Maruti Swift
DL 49 2360,CUST-1170,Honda City
RJ 52 0394,CUST-1171,Hyundai Creta
KL 88 2265,CUST-1172,Hyundai Creta
WB 87 9838,CUST-1173,Honda City
TS 63 6634,CUST-1174,Tata Nexon
MP 57 5329,CUST-1175,Honda City
WB 08 0220,CUST-1176,Hyundai Creta
RJ 95 0683,CUST-1177,Tata Nexon
GJ 38 6717,CUST-1178,Hyundai Creta
AP 94 3041,CUST-1179,Honda City
PB 73 3628,CUST-1180,Maruti Swift
MH 57 6146,CUST-1181,Tata Nexon
RJ 72 3201,CUST-1182,Tata Nexon
UP 39 2389,CUST-1183,Honda City
RJ 57 4073,CUST-1184,Maruti Swift
DL 53 1646,CUST-1185,Tata Nexon
UP 78 9111,CUST-1186,Honda City
RJ 23 8125,CUST-1187,Honda City
UP 37 0725,CUST-1188,Hyundai Creta
WB 56 9641,CUST-1189,Hyundai Creta
TN 30 7674,CUST-1190,Honda City
WB 97 0252,CUST-1191,Honda City
GJ 88 3410,CUST-1192,Honda City
HR 72 2441,CUST-1193,Hyundai Creta
WB 45 5160,CUST-1194,Honda City
UP 49 7042,CUST-1195,Honda City
DL 01 9071,CUST-1196,Honda City
PB 64 3595,CUST-1197,Hyundai Creta
MP 77 9386,CUST-1198,Hyundai Creta
WB 67 0021,CUST-1199,Honda City
RJ 45 1897,CUST-1200,Hyundai Creta
KL 42 0034,CUST-1201,Hyundai Creta
HR 96 0498,CUST-1202,Honda City
AP 78 1648,CUST-1203,Honda City
WB 20 8221,CUST-1204,Tata Nexon
KA 32 3209,CUST-1205,Maruti Swift
HR 38 2224,CUST-1206,Honda City
HR 01 8941,CUST-1207,Hyundai Creta
GJ 84 7704,CUST-1208,Hyundai Creta
RJ 03 4685,CUST-1209,Honda City
KA 56 1295,CUST-1210,Maruti Swift
MP 43 9421,CUST-1211,Hyundai Creta
TN 56 2240,CUST-1212,Honda City
TN 46 1094,CUST-1213,Tata Nexon
HR 97 4748,CUST-1214,Maruti Swift
AP 63 7862,CUST-1215,Honda City
WB 94 3519,CUST-1216,Maruti Swift
GJ 44 4081,CUST-1217,Hyundai Creta
MP 45 7249,CUST-1218,Hyundai Creta
KL 70 3697,CUST-1219,Hyundai Creta
RJ 37 3003,CUST-1220,Maruti Swift
GJ 90 2332,CUST-1221,Honda City
UP 21 4969,CUST-1222,Maruti Swift
TN 43 6854,CUST-1223,Hyundai Creta
MP 72 1181,CUST-1224,Maruti Swift
RJ 15 6856,CUST-1225,Maruti Swift
AP 79 7776,CUST-1226,Honda City
TS 50 3167,CUST-1227,Tata Nexon
HR 38 5642,CUST-1228,Honda City
HR 95 4283,CUST-1229,Honda City
HR 01 8128,CUST-1230,Tata Nexon
GJ 78 4453,CUST-1231,Maruti Swift
RJ 07 5770,CUST-1232,Hyundai Creta
MP 45 7438,CUST-1233,Honda City
TN 27 7257,CUST-1234,Hyundai Creta
DL 47 7953,CUST-1235,Maruti Swift
TN 58 2376,CUST-1236,Hyundai Creta
PB 15 4489,CUST-1237,Honda City
WB 94 5196,CUST-1238,Tata Nexon
WB 35 6905,CUST-1239,Honda City
PB 84 9513,CUST-1240,Hyundai Creta
MH 50 8816,CUST-1241,Honda City
KL 38 6569,CUST-1242,Maruti Swift
MH 93 2318,CUST-1243,Honda City
TS 25 7829,CUST-1244,Tata Nexon
UP 38 5396,CUST-1245,Hyundai Creta
KL 87 1627,CUST-1246,Honda City
PB 46 4659,CUST-1247,Maruti Swift
HR 84 3146,CUST-1248,Honda City
RJ 30 9401,CUST-1249,Tata Nexon
PB 39 7997,CUST-1250,Tata Nexon
MP 39 9123,CUST-1251,Honda City
UP 50 2187,CUST-1252,Hyundai Creta
KL 68 6291,CUST-1253,Honda City
KA 30 4523,CUST-1254,Hyundai Creta
DL 62 7277,CUST-1255,Honda City
TS 99 3500,CUST-1256,Maruti Swift
HR 58 1143,CUST-1257,Tata Nexon
KL 44 6086,CUST-1258,Hyundai Creta
MP 64 2322,CUST-1259,Honda City
DL 87 2209,CUST-1260,Tata Nexon
TN 91 3213,CUST-1261,Hyundai Creta
MH 68 6581,CUST-1262,Maruti Swift
AP 28 8722,CUST-1263,Hyundai Creta
HR 29 1201,CUST-1264,Hyundai Creta
WB 95 3422,CUST-1265,Tata Nexon
KL 50 5130,CUST-1266,Honda City
DL 33 7783,CUST-1267,Tata Nexon
MP 95 9756,CUST-1268,Honda City
KA 44 9503,CUST-1269,Maruti Swift
HR 97 6686,CUST-1270,Maruti Swift
GJ 30 9741,CUST-1271,Maruti Swift
TS 27 5566,CUST-1272,Tata Nexon
GJ 91 8199,CUST-1273,Honda City
AP 40 6546,CUST-1274,Maruti Swift
DL 89 0118,CUST-1275,Hyundai Creta
UP 81 2725,CUST-1276,Maruti Swift
HR 38 6176,CUST-1277,Honda City
HR 05 4806,CUST-1278,Hyundai Creta
HR 26 8626,CUST-1279,Honda City
HR 32 9346,CUST-1280,Honda City
TS 98 1732,CUST-1281,Maruti Swift
KL 56 1530,CUST-1282,Honda City
TN 21 8468,CUST-1283,Hyundai Creta
MP 61 2518,CUST-1284,Maruti Swift
MP 80 9859,CUST-1285,Honda City
MH 45 2736,CUST-1286,Hyundai Creta
AP 59 8020,CUST-1287,Maruti Swift
HR 60 2940,CUST-1288,Tata Nexon
MP 77 5177,CUST-1289,Honda City
MH 98 8732,CUST-1290,Tata Nexon
HR 09 7394,CUST-1291,Hyundai Creta
KA 45 4213,CUST-1292,Honda City
PB 86 6870,CUST-1293,Maruti Swift
TS 59 6412,CUST-1294,Hyundai Creta
MP 55 7247,CUST-1295,Maruti Swift
TS 70 3808,CUST-1296,Hyundai Creta
DL 26 6270,CUST-1297,Honda City
MH 04 9596,CUST-1298,Hyundai Creta
MH 66 9368,CUST-1299,Tata Nexon
AP 20 2385,CUST-1300,Hyundai Creta
WB 19 3803,CUST-1301,Honda City
UP 78 7829,CUST-1302,Tata Nexon
KA 60 1642,CUST-1303,Maruti Swift
KL 88 2011,CUST-1304,Maruti Swift
TN 21 5701,CUST-1305,Honda City
GJ 62 6213,CUST-1306,Tata Nexon
MH 82 9174,CUST-1307,Maruti Swift
PB 37 1959,CUST-1308,Tata Nexon
KA 77 4731,CUST-1309,Honda City
KL 53 0831,CUST-1310,Hyundai Creta
WB 95 3160,CUST-1311,Tata Nexon
GJ 47 1859,CUST-1312,Hyundai Creta
TN 32 0303,CUST-1313,Maruti Swift
RJ 52 5900,CUST-1314,Tata Nexon
KL 60 7744,CUST-1315,Maruti Swift
UP 30 8988,CUST-1316,Maruti Swift
RJ 26 6853,CUST-1317,Honda City
UP 63 7415,CUST-1318,Hyundai Creta
DL 09 3769,CUST-1319,Honda City
WB 91 0469,CUST-1320,Hyundai Creta
AP 68 9059,CUST-1321,Honda City
MP 94 9854,CUST-1322,Hyundai Creta
UP 31 7336,CUST-1323,Honda City
PB 32 7207,CUST-1324,Maruti Swift
TN 85 2397,CUST-1325,Hyundai Creta
TS 79 6870,CUST-1326,Maruti Swift
MH 54 8486,CUST-1327,Tata Nexon
KL 96 9774,CUST-1328,Tata Nexon
WB 78 9671,CUST-1329,Hyundai Creta
WB 60 7993,CUST-1330,Hyundai Creta
MH 68 1488,CUST-1331,Tata Nexon
RJ 96 5193,CUST-1332,Tata Nexon
UP 52 2717,CUST-1333,Hyundai Creta
WB 56 1661,CUST-1334,Maruti Swift
KL 29 6447,CUST-1335,Maruti Swift
UP 53 5328,CUST-1336,Hyundai Creta
AP 17 8291,CUST-1337,Hyundai Creta
KL 12 0530,CUST-1338,Honda City
GJ 58 0108,CUST-1339,Maruti Swift
PB 81 1729,CUST-1340,Tata Nexon
WB 44 2297,CUST-1341,Maruti Swift
PB 10 4648,CUST-1342,Hyundai Creta
TN 54 5062,CUST-1343,Hyundai Creta
DL 11 4086,CUST-1344,Hyundai Creta
TN 47 5958,CUST-1345,Honda City
KL 75 1148,CUST-1346,Hyundai Creta
PB 73 3023,CUST-1347,Honda City
MP 94 8501,CUST-1348,Hyundai Creta
GJ 33 4831,CUST-1349,Maruti Swift
WB 22 9012,CUST-1350,Honda City
AP 25 9619,CUST-1351,Maruti Swift
KL 46 5461,CUST-1352,Honda City
TS 58 4846,CUST-1353,Maruti Swift
KA 02 6673,CUST-1354,Tata Nexon
MH 96 9273,CUST-1355,Honda City
RJ 32 7687,CUST-1356,Maruti Swift
TS 16 9428,CUST-1357,Tata Nexon
WB 23 6420,CUST-1358,Tata Nexon
TS 09 9657,CUST-1359,Honda City
TN 75 5644,CUST-1360,Tata Nexon
KA 91 5706,CUST-1361,Tata Nexon
AP 21 2898,CUST-1362,Maruti Swift
AP 80 7661,CUST-1363,Tata Nexon
WB 17 1230,CUST-1364,Honda City
TS 11 3640,CUST-1365,Tata Nexon
PB 77 7011,CUST-1366,Honda City
TS 53 7801,CUST-1367,Honda City
UP 77 1106,CUST-1368,Hyundai Creta
TN 13 7954,CUST-1369,Honda City
GJ 49 4024,CUST-1370,Tata Nexon
UP 31 8188,CUST-1371,Tata Nexon
TN 77 4580,CUST-1372,Honda City
RJ 73 2969,CUST-1373,Honda City
HR 21 7696,CUST-1374,Tata Nexon
MH 14 1446,CUST-1375,Honda City
GJ 13 8399,CUST-1376,Maruti Swift
MH 14 2261,CUST-1377,Hyundai Creta
AP 99 8970,CUST-1378,Tata Nexon
DL 89 4483,CUST-1379,Maruti Swift
PB 73 6511,CUST-1380,Tata Nexon
PB 65 6279,CUST-1381,Tata Nexon
KA 30 7204,CUST-1382,Honda City
KL 93 3544,CUST-1383,Hyundai Creta
MP 21 6189,CUST-1384,Honda City
PB 32 1682,CUST-1385,Honda City
DL 79 4874,CUST-1386,Tata Nexon
WB 87 1276,CUST-1387,Honda City
RJ 78 7073,CUST-1388,Tata Nexon
PB 68 5535,CUST-1389,Honda City
UP 53 3913,CUST-1390,Honda City
UP 40 9909,CUST-1391,Honda City
KA 11 5642,CUST-1392,Hyundai Creta
RJ 61 5205,CUST-1393,Maruti Swift
KL 38 6923,CUST-1394,Hyundai Creta
AP 43 7150,CUST-1395,Tata Nexon
AP 27 1529,CUST-1396,Honda City
RJ 02 3739,CUST-1397,Hyundai Creta
KL 91 0740,CUST-1398,Hyundai Creta
KL 76 4836,CUST-1399,Honda City
KA 99 2952,CUST-1400,Maruti Swift
GJ 26 1088,CUST-1401,Tata Nexon
TN 57 4897,CUST-1402,Honda City
PB 46 8604,CUST-1403,Tata Nexon
MH 12 4157,CUST-1404,Honda City
MP 44 7289,CUST-1405,Tata Nexon
DL 66 7577,CUST-1406,Maruti Swift
GJ 91 5347,CUST-1407,Maruti Swift
GJ 76 6267,CUST-1408,Honda City
KL 24 1042,CUST-1409,Honda City
WB 11 1885,CUST-1410,Honda City
MH 10 9746,CUST-1411,Honda City
DL 29 5004,CUST-1412,Hyundai Creta
RJ 50 5922,CUST-1413,Tata Nexon
RJ 43 4662,CUST-1414,Maruti Swift
AP 64 0654,CUST-1415,Maruti Swift
MH 67 9564,CUST-1416,Hyundai Creta
KL 83 4608,CUST-1417,Tata Nexon
GJ 48 8998,CUST-1418,Tata Nexon
KL 65 2831,CUST-1419,Tata Nexon
TN 92 0781,CUST-1420,Maruti Swift
GJ 07 5709,CUST-1421,Maruti Swift
TN 35 4867,CUST-1422,Tata Nexon
WB 17 0350,CUST-1423,Tata Nexon
MP 60 7718,CUST-1424,Maruti Swift
DL 16 0908,CUST-1425,Maruti Swift
AP 64 7358,CUST-1426,Hyundai Creta
TS 92 9270,CUST-1427,Tata Nexon
UP 07 3381,CUST-1428,Honda City
AP 75 0432,CUST-1429,Maruti Swift
KA 45 9733,CUST-1430,Hyundai Creta
MH 79 1352,CUST-1431,Maruti Swift
RJ 14 8647,CUST-1432,Hyundai Creta
MP 91 4121,CUST-1433,Hyundai Creta
RJ 29 2784,CUST-1434,Honda City
DL 25 8549,CUST-1435,Hyundai Creta
TN 83 5727,CUST-1436,Hyundai Creta
TS 46 1062,CUST-1437,Honda City
TS 78 7107,CUST-1438,Tata Nexon
DL 83 9489,CUST-1439,Tata Nexon
GJ 66 3931,CUST-1440,Tata Nexon
KA 82 6122,CUST-1441,Hyundai Creta
MP 35 5435,CUST-1442,Maruti Swift
DL 68 8110,CUST-1443,Hyundai Creta
KL 97 9426,CUST-1444,Maruti Swift
TN 69 8097,CUST-1445,Hyundai Creta
TS 88 1785,CUST-1446,Hyundai Creta
KA 70 1410,CUST-1447,Hyundai Creta
MH 41 7561,CUST-1448,Honda City
MP 56 8592,CUST-1449,Honda City
TN 12 6460,CUST-1450,Tata Nexon
GJ 15 2402,CUST-1451,Honda City
DL 32 4351,CUST-1452,Maruti Swift
UP 04 6912,CUST-1453,Honda City
DL 56 1691,CUST-1454,Hyundai Creta
GJ 26 8184,CUST-1455,Honda City
GJ 32 9618,CUST-1456,Tata Nexon
UP 87 1818,CUST-1457,Tata Nexon
RJ 69 6953,CUST-1458,Maruti Swift
MP 28 9965,CUST-1459,Tata Nexon
WB 35 0097,CUST-1460,Maruti Swift
AP 04 8923,CUST-1461,Tata Nexon
KA 90 9106,CUST-1462,Tata Nexon
UP 26 4724,CUST-1463,Honda City
RJ 48 3334,CUST-1464,Hyundai Creta
UP 87 6429,CUST-1465,Honda City
WB 52 2961,CUST-1466,Tata Nexon
WB 97 5499,CUST-1467,Maruti Swift
KA 29 1274,CUST-1468,Maruti Swift
GJ 81 7067,CUST-1469,Honda City
TN 04 1343,CUST-1470,Hyundai Creta
KA 41 7794,CUST-1471,Maruti Swift
DL 54 0130,CUST-1472,Maruti Swift
AP 87 1328,CUST-1473,Hyundai Creta
TN 72 9037,CUST-1474,Hyundai Creta
TS 11 0151,CUST-1475,Honda City
MH 57 4172,CUST-1476,Maruti Swift
MP 97 4670,CUST-1477,Tata Nexon
PB 21 8341,CUST-1478,Honda City
TN 03 8787,CUST-1479,Honda City
MP 01 3898,CUST-1480,Tata Nexon
KA 97 6573,CUST-1481,Maruti Swift
MP 10 9324,CUST-1482,Honda City
TS 62 7818,CUST-1483,Honda City
WB 99 3914,CUST-1484,Tata Nexon
TS 14 3663,CUST-1485,Maruti Swift
KL 92 2142,CUST-1486,Honda City
PB 65 0806,CUST-1487,Maruti Swift
AP 80 8154,CUST-1488,Hyundai Creta
AP 27 6826,CUST-1489,Honda City
MP 17 0850,CUST-1490,Tata Nexon
MH 16 6060,CUST-1491,Tata Nexon
UP 47 9242,CUST-1492,Honda City
HR 78 7035,CUST-1493,Honda City
TS 86 1878,CUST-1494,Honda City
MH 33 9362,CUST-1495,Hyundai Creta
TS 15 1102,CUST-1496,Tata Nexon
HR 36 8735,CUST-1497,Tata Nexon
DL 84 0808,CUST-1498,Hyundai Creta
MP 20 9543,CUST-1499,Hyundai Creta
PB 74 3546,CUST-1500,Tata Nexon
UP 92 2021,CUST-1501,Hyundai Creta
KA 88 2662,CUST-1502,Tata Nexon
UP 10 0706,CUST-1503,Tata Nexon
PB 87 1082,CUST-1504,Maruti Swift
MH 86 4158,CUST-1505,Hyundai Creta
WB 24 3091,CUST-1506,Tata Nexon
RJ 46 9866,CUST-1507,Maruti Swift
PB 83 4715,CUST-1508,Hyundai Creta
UP 55 3822,CUST-1509,Hyundai Creta
MH 81 3933,CUST-1510,Tata Nexon
TS 52 2354,CUST-1511,Honda City
HR 94 4042,CUST-1512,Honda City
MH 15 3642,CUST-1513,Honda City
MP 21 9977,CUST-1514,Maruti Swift
TS 46 5223,CUST-1515,Hyundai Creta
MH 50 5960,CUST-1516,Hyundai Creta
PB 39 4678,CUST-1517,Hyundai Creta
MP 58 6925,CUST-1518,Hyundai Creta
AP 38 8806,CUST-1519,Hyundai Creta
RJ 75 1502,CUST-1520,Tata Nexon
KA 64 5722,CUST-1521,Tata Nexon
UP 60 4338,CUST-1522,Hyundai Creta
UP 37 9765,CUST-1523,Hyundai Creta
UP 07 2200,CUST-1524,Honda City
HR 84 0309,CUST-1525,Hyundai Creta
KL 44 9869,CUST-1526,Hyundai Creta
KL 30 0435,CUST-1527,Honda City
MP 03 0159,CUST-1528,Tata Nexon
PB 09 3981,CUST-1529,Tata Nexon
KA 90 0942,CUST-1530,Tata Nexon
TN 79 1124,CUST-1531,Honda City
TN 43 7849,CUST-1532,Tata Nexon
PB 97 4762,CUST-1533,Maruti Swift
TS 30 9916,CUST-1534,Maruti Swift
WB 92 6385,CUST-1535,Tata Nexon
MH 23 7325,CUST-1536,Honda City
GJ 93 3288,CUST-1537,Hyundai Creta
HR 25 5152,CUST-1538,Tata Nexon
MP 68 4952,CUST-1539,Honda City
DL 22 2690,CUST-1540,Honda City
UP 16 6462,CUST-1541,Maruti Swift
UP 10 1938,CUST-1542,Hyundai Creta
WB 83 3247,CUST-1543,Hyundai Creta
DL 42 5866,CUST-1544,Honda City
MH 65 1566,CUST-1545,Maruti Swift
UP 72 5564,CUST-1546,Honda City
UP 04 2368,CUST-1547,Honda City
MP 98 7925,CUST-1548,Tata Nexon
PB 49 6183,CUST-1549,Honda City
KL 11 8669,CUST-1550,Honda City
TN 42 5439,CUST-1551,Tata Nexon
WB 97 4936,CUST-1552,Maruti Swift
MP 08 8109,CUST-1553,Honda City
WB 52 6927,CUST-1554,Honda City
DL 53 8451,CUST-1555,Maruti Swift
DL 49 9864,CUST-1556,Maruti Swift
AP 22 4347,CUST-1557,Maruti Swift
TN 25 7747,CUST-1558,Maruti Swift
GJ 49 8959,CUST-1559,Hyundai Creta
WB 39 4443,CUST-1560,Maruti Swift
TN 73 3863,CUST-1561,Hyundai Creta
MH 88 9167,CUST-1562,Hyundai Creta
MH 72 1071,CUST-1563,Tata Nexon
MP 99 2857,CUST-1564,Maruti Swift
TN 53 3487,CUST-1565,Honda City
KA 97 8398,CUST-1566,Honda City
TS 52 8176,CUST-1567,Honda City
PB 86 3431,CUST-1568,Hyundai Creta
WB 63 6234,CUST-1569,Honda City
HR 97 5079,CUST-1570,Hyundai Creta
DL 04 7936,CUST-1571,Honda City
TN 10 6606,CUST-1572,Honda City
PB 63 5622,CUST-1573,Maruti Swift
KA 12 1850,CUST-1574,Maruti Swift
WB 16 0548,CUST-1575,Tata Nexon
MP 83 2323,CUST-1576,Hyundai Creta
MP 20 8020,CUST-1577,Hyundai Creta
KL 44 9662,CUST-1578,Maruti Swift
DL 66 1729,CUST-1579,Maruti Swift
MH 41 7971,CUST-1580,Maruti Swift
KA 97 6673,CUST-1581,Maruti Swift
GJ 34 6996,CUST-1582,Hyundai Creta
KA 18 9677,CUST-1583,Maruti Swift
MP 36 2586,CUST-1584,Honda City
TS 75 4406,CUST-1585,Tata Nexon
GJ 04 9859,CUST-1586,Honda City
KA 79 8821,CUST-1587,Hyundai Creta
TS 98 1035,CUST-1588,Hyundai Creta
RJ 96 1888,CUST-1589,Maruti Swift
HR 43 2918,CUST-1590,Tata Nexon
KL 30 4717,CUST-1591,Honda City
TS 45 8839,CUST-1592,Maruti Swift
GJ 68 8085,CUST-1593,Honda City
KL 19 4927,CUST-1594,Hyundai Creta
DL 39 2267,CUST-1595,Hyundai Creta
WB 56 3947,CUST-1596,Hyundai Creta
RJ 31 7807,CUST-1597,Honda City
AP 40 3679,CUST-1598,Tata Nexon
MP 98 7107,CUST-1599,Hyundai Creta
PB 33 8228,CUST-1600,Maruti Swift
KL 95 6024,CUST-1601,Honda City
DL 27 8895,CUST-1602,Hyundai Creta
GJ 21 3151,CUST-1603,Maruti Swift
PB 67 4186,CUST-1604,Honda City
AP 97 2586,CUST-1605,Honda City
KL 81 9282,CUST-1606,Maruti Swift
TN 34 5542,CUST-1607,Tata Nexon
PB 01 0333,CUST-1608,Tata Nexon
MH 10 8686,CUST-1609,Honda City
HR 50 2063,CUST-1610,Hyundai Creta
RJ 32 9130,CUST-1611,Maruti Swift
TN 27 4345,CUST-1612,Tata Nexon
TN 70 0780,CUST-1613,Tata Nexon
RJ 38 6843,CUST-1614,Hyundai Creta
KA 78 0816,CUST-1615,Maruti Swift
GJ 80 8146,CUST-1616,Hyundai Creta
PB 31 6497,CUST-1617,Honda City
KA 92 1573,CUST-1618,Tata Nexon
KA 07 4977,CUST-1619,Tata Nexon
DL 86 9778,CUST-1620,Honda City
KL 87 0931,CUST-1621,Hyundai Creta
AP 59 4797,CUST-1622,Tata Nexon
KL 31 0771,CUST-1623,Hyundai Creta
HR 93 5240,CUST-1624,Maruti Swift
UP 80 5244,CUST-1625,Honda City
HR 04 8172,CUST-1626,Hyundai Creta
HR 05 4640,CUST-1627,Honda City
MP 31 2890,CUST-1628,Hyundai Creta
WB 14 9552,CUST-1629,Honda City
PB 30 3920,CUST-1630,Tata Nexon
WB 06 7897,CUST-1631,Honda City
RJ 23 6637,CUST-1632,Honda City
GJ 91 6646,CUST-1633,Tata Nexon
MP 98 8851,CUST-1634,Maruti Swift
HR 55 9965,CUST-1635,Tata Nexon
HR 69 5952,CUST-1636,Hyundai Creta
DL 99 1710,CUST-1637,Hyundai Creta
WB 43 0543,CUST-1638,Honda City
KL 41 2002,CUST-1639,Tata Nexon
PB 74 3359,CUST-1640,Hyundai Creta
UP 45 7802,CUST-1641,Honda City
KA 81 8539,CUST-1642,Hyundai Creta
GJ 40 4865,CUST-1643,Tata Nexon
MH 38 7495,CUST-1644,Honda City
PB 13 7816,CUST-1645,Maruti Swift
DL 33 6247,CUST-1646,Hyundai Creta
MH 85 7451,CUST-1647,Honda City
WB 98 7516,CUST-1648,Maruti Swift
KL 94 4647,CUST-1649,Tata Nexon
WB 32 2965,CUST-1650,Honda City
MH 25 1416,CUST-1651,Hyundai Creta
KA 45 5657,CUST-1652,Maruti Swift
MP 39 3120,CUST-1653,Tata Nexon
TN 39 8062,CUST-1654,Tata Nexon
PB 38 4516,CUST-1655,Tata Nexon
AP 94 4302,CUST-1656,Tata Nexon
WB 51 4203,CUST-1657,Honda City
UP 50 5316,CUST-1658,Tata Nexon
WB 12 2157,CUST-1659,Honda City
PB 42 4683,CUST-1660,Maruti Swift
AP 06 4874,CUST-1661,Tata Nexon
TS 74 2538,CUST-1662,Honda City
RJ 64 7506,CUST-1663,Honda City
GJ 11 8352,CUST-1664,Honda City
GJ 83 9035,CUST-1665,Maruti Swift
KA 25 7163,CUST-1666,Tata Nexon
KA 48 8292,CUST-1667,Tata Nexon
DL 95 9407,CUST-1668,Hyundai Creta
HR 75 3230,CUST-1669,Hyundai Creta
KA 08 5762,CUST-1670,Hyundai Creta
PB 03 5142,CUST-1671,Hyundai Creta
TS 76 2931,CUST-1672,Maruti Swift
AP 01 3098,CUST-1673,Honda City
TS 71 0550,CUST-1674,Tata Nexon
GJ 74 3814,CUST-1675,Maruti Swift
HR 41 0760,CUST-1676,Honda City
PB 32 7721,CUST-1677,Tata Nexon
TN 21 9485,CUST-1678,Tata Nexon
KA 05 7389,CUST-1679,Honda City
MH 05 5960,CUST-1680,Honda City
DL 59 3073,CUST-1681,Tata Nexon
MH 26 9839,CUST-1682,Maruti Swift
KA 38 0236,CUST-1683,Honda City
MP 54 5551,CUST-1684,Tata Nexon
WB 35 5964,CUST-1685,Hyundai Creta
MP 94 2932,CUST-1686,Tata Nexon
TN 77 5585,CUST-1687,Tata Nexon
MP 89 1746,CUST-1688,Honda City
TS 27 1892,CUST-1689,Honda City
KA 25 5224,CUST-1690,Tata Nexon
MP 33 4815,CUST-1691,Hyundai Creta
PB 36 0299,CUST-1692,Maruti Swift
PB 60 6615,CUST-1693,Hyundai Creta
AP 05 6251,CUST-1694,Honda City
TN 97 5150,CUST-1695,Tata Nexon
AP 90 0630,CUST-1696,Tata Nexon
UP 90 7623,CUST-1697,Honda City
KL 81 1812,CUST-1698,Maruti Swift
GJ 81 1344,CUST-1699,Honda City
RJ 02 2557,CUST-1700,Hyundai Creta
MH 94 5884,CUST-1701,Honda City
TN 27 8626,CUST-1702,Honda City
TN 54 5096,CUST-1703,Maruti Swift
TN 40 3515,CUST-1704,Hyundai Creta
KA 89 6989,CUST-1705,Honda City
KL 46 0553,CUST-1706,Tata Nexon
GJ 66 7226,CUST-1707,Honda City
PB 85 5848,CUST-1708,Tata Nexon
TN 78 1813,CUST-1709,Honda City
MP 79 0633,CUST-1710,Maruti Swift
TN 65 9290,CUST-1711,Tata Nexon
WB 93 9718,CUST-1712,Hyundai Creta
RJ 90 2715,CUST-1713,Hyundai Creta
UP 04 2567,CUST-1714,Tata Nexon
GJ 68 1208,CUST-1715,Maruti Swift
PB 51 2278,CUST-1716,Tata Nexon
AP 37 8240,CUST-1717,Tata Nexon
MP 88 7760,CUST-1718,Tata Nexon
MH 51 8359,CUST-1719,Maruti Swift
MP 65 6064,CUST-1720,Maruti Swift
HR 96 9155,CUST-1721,Honda City
RJ 21 5753,CUST-1722,Hyundai Creta
MP 08 0668,CUST-1723,Honda City
TS 38 9162,CUST-1724,Hyundai Creta
PB 22 9576,CUST-1725,Hyundai Creta
AP 62 1027,CUST-1726,Maruti Swift
WB 72 2564,CUST-1727,Honda City
PB 10 2974,CUST-1728,Maruti Swift
GJ 59 3037,CUST-1729,Maruti Swift
KL 32 1303,CUST-1730,Tata Nexon
TN 46 9135,CUST-1731,Maruti Swift
WB 46 8526,CUST-1732,Hyundai Creta
GJ 59 3571,CUST-1733,Maruti Swift
WB 92 8867,CUST-1734,Hyundai Creta
MP 15 2858,CUST-1735,Tata Nexon
RJ 89 6909,CUST-1736,Tata Nexon
KL 90 9140,CUST-1737,Maruti Swift
GJ 40 7720,CUST-1738,Maruti Swift
DL 49 4410,CUST-1739,Hyundai Creta
MP 94 9581,CUST-1740,Maruti Swift
MH 19 1192,CUST-1741,Honda City
MH 07 0137,CUST-1742,Maruti Swift
PB 18 1130,CUST-1743,Honda City
TN 87 6596,CUST-1744,Maruti Swift
PB 94 1104,CUST-1745,Tata Nexon
RJ 06 9433,CUST-1746,Tata Nexon
TN 31 6056,CUST-1747,Maruti Swift
TN 60 8785,CUST-1748,Tata Nexon
HR 18 7158,CUST-1749,Honda City
WB 64 6963,CUST-1750,Tata Nexon
MP 03 2332,CUST-1751,Maruti Swift
TN 51 6923,CUST-1752,Hyundai Creta
HR 97 2303,CUST-1753,Maruti Swift
TS 67 4158,CUST-1754,Tata Nexon
KA 03 1079,CUST-1755,Hyundai Creta
WB 28 4680,CUST-1756,Tata Nexon
TS 57 3165,CUST-1757,Hyundai Creta
PB 63 1306,CUST-1758,Maruti Swift
UP 69 7968,CUST-1759,Tata Nexon
KA 17 6782,CUST-1760,Tata Nexon
PB 04 3866,CUST-1761,Honda City
AP 76 7141,CUST-1762,Tata Nexon
KA 36 2453,CUST-1763,Tata Nexon
RJ 36 6683,CUST-1764,Honda City
HR 11 8607,CUST-1765,Hyundai Creta
RJ 61 3726,CUST-1766,Honda City
RJ 09 2075,CUST-1767,Tata Nexon
KL 64 3332,CUST-1768,Maruti Swift
AP 89 3421,CUST-1769,Hyundai Creta
MP 31 7627,CUST-1770,Maruti Swift
RJ 13 7615,CUST-1771,Hyundai Creta
KA 98 9507,CUST-1772,Tata Nexon
GJ 59 5979,CUST-1773,Hyundai Creta
KL 07 9175,CUST-1774,Honda City
MH 42 1438,CUST-1775,Hyundai Creta
PB 89 7847,CUST-1776,Hyundai Creta
MP 27 4494,CUST-1777,Honda City
DL 31 7551,CUST-1778,Hyundai Creta
TN 54 6066,CUST-1779,Hyundai Creta
TN 72 2184,CUST-1780,Honda City
UP 17 1027,CUST-1781,Honda City
TS 02 7540,CUST-1782,Maruti Swift
PB 93 7467,CUST-1783,Hyundai Creta
TS 62 1912,CUST-1784,Hyundai Creta
GJ 82 6770,CUST-1785,Maruti Swift
DL 20 1801,CUST-1786,Hyundai Creta
HR 84 7488,CUST-1787,Honda City
HR 44 0070,CUST-1788,Honda City
TS 10 0646,CUST-1789,Hyundai Creta
GJ 96 9841,CUST-1790,Honda City
GJ 50 3379,CUST-1791,Honda City
HR 04 6219,CUST-1792,Maruti Swift
HR 29 8366,CUST-1793,Hyundai Creta
KL 50 6042,CUST-1794,Hyundai Creta
HR 95 2598,CUST-1795,Honda City
WB 03 8567,CUST-1796,Honda City
KL 52 4052,CUST-1797,Hyundai Creta
MH 59 6180,CUST-1798,Hyundai Creta
HR 64 5176,CUST-1799,Hyundai Creta
PB 89 1321,CUST-1800,Maruti Swift
KL 75 7175,CUST-1801,Hyundai Creta
AP 39 4894,CUST-1802,Maruti Swift
RJ 47 7186,CUST-1803,Honda City
MH 54 6972,CUST-1804,Honda City
KA 30 4256,CUST-1805,Maruti Swift
AP 08 7900,CUST-1806,Maruti Swift
KA 97 9864,CUST-1807,Tata Nexon
AP 73 3964,CUST-1808,Tata Nexon
AP 74 0937,CUST-1809,Honda City
WB 66 0639,CUST-1810,Maruti Swift
MH 67 7183,CUST-1811,Tata Nexon
PB 93 8972,CUST-1812,Tata Nexon
UP 71 2035,CUST-1813,Maruti Swift
MH 65 0647,CUST-1814,Honda City
PB 46 1869,CUST-1815,Maruti Swift
TN 95 4336,CUST-1816,Maruti Swift
TS 76 6833,CUST-1817,Honda City
MP 88 8911,CUST-1818,Honda City
MH 54 1616,CUST-1819,Hyundai Creta
UP 94 5769,CUST-1820,Tata Nexon
TS 71 6467,CUST-1821,Hyundai Creta
UP 50 1446,CUST-1822,Hyundai Creta
DL 56 3937,CUST-1823,Maruti Swift
KA 31 0991,CUST-1824,Maruti Swift
UP 35 0940,CUST-1825,Tata Nexon
UP 32 5304,CUST-1826,Hyundai Creta
WB 88 4722,CUST-1827,Tata Nexon
TS 19 7708,CUST-1828,Hyundai Creta
UP 65 3629,CUST-1829,Hyundai Creta
AP 28 7161,CUST-1830,Tata Nexon
TS 99 8449,CUST-1831,Tata Nexon
RJ 38 1234,CUST-1832,Maruti Swift
KL 48 2410,CUST-1833,Hyundai Creta
PB 17 0702,CUST-1834,Maruti Swift
GJ 63 8252,CUST-1835,Hyundai Creta
TN 27 1474,CUST-1836,Tata Nexon
KA 67 6303,CUST-1837,Honda City
KA 62 7082,CUST-1838,Honda City
KA 21 8004,CUST-1839,Hyundai Creta
WB 90 5307,CUST-1840,Hyundai Creta
MH 44 2689,CUST-1841,Tata Nexon
RJ 15 7650,CUST-1842,Hyundai Creta
RJ 64 0972,CUST-1843,Maruti Swift
AP 86 5626,CUST-1844,Honda City
RJ 76 2206,CUST-1845,Hyundai Creta
GJ 30 3138,CUST-1846,Maruti Swift
DL 91 2986,CUST-1847,Tata Nexon
MP 81 5588,CUST-1848,Maruti Swift
RJ 28 0990,CUST-1849,Maruti Swift
MP 57 4563,CUST-1850,Hyundai Creta
KA 37 8586,CUST-1851,Tata Nexon
HR 46 1699,CUST-1852,Tata Nexon
UP 28 4141,CUST-1853,Hyundai Creta
TS 05 1682,CUST-1854,Maruti Swift
KL 59 8558,CUST-1855,Hyundai Creta
HR 91 3841,CUST-1856,Maruti Swift
PB 90 9250,CUST-1857,Hyundai Creta
DL 08 4359,CUST-1858,Hyundai Creta
UP 36 5483,CUST-1859,Honda City
WB 63 5053,CUST-1860,Maruti Swift
GJ 68 2485,CUST-1861,Maruti Swift
KA 82 9624,CUST-1862,Maruti Swift
TS 40 2247,CUST-1863,Maruti Swift
HR 17 8801,CUST-1864,Tata Nexon
HR 29 7157,CUST-1865,Tata Nexon
DL 22 4749,CUST-1866,Maruti Swift
AP 91 9189,CUST-1867,Maruti Swift
WB 52 8355,CUST-1868,Maruti Swift
TN 76 5032,CUST-1869,Maruti Swift
WB 69 1497,CUST-1870,Honda City
MP 60 4903,CUST-1871,Honda City
GJ 52 5359,CUST-1872,Honda City
KL 03 8020,CUST-1873,Tata Nexon
DL 89 5586,CUST-1874,Tata Nexon
RJ 49 8934,CUST-1875,Hyundai Creta
RJ 96 3053,CUST-1876,Hyundai Creta
PB 69 7285,CUST-1877,Maruti Swift
DL 50 8962,CUST-1878,Tata Nexon
AP 87 5990,CUST-1879,Maruti Swift
MH 05 4519,CUST-1880,Honda City
MH 16 1000,CUST-1881,Tata Nexon
RJ 45 5183,CUST-1882,Hyundai Creta
TN 16 0515,CUST-1883,Hyundai Creta
HR 65 4640,CUST-1884,Maruti Swift
KL 77 4785,CUST-1885,Honda City
KL 45 0316,CUST-1886,Maruti Swift
DL 25 9369,CUST-1887,Honda City
RJ 35 6348,CUST-1888,Tata Nexon
AP 45 7996,CUST-1889,Tata Nexon
HR 25 4984,CUST-1890,Honda City
HR 88 6622,CUST-1891,Honda City
PB 23 5902,CUST-1892,Honda City
MH 87 3042,CUST-1893,Maruti Swift
RJ 49 2015,CUST-1894,Hyundai Creta
DL 21 7206,CUST-1895,Maruti Swift
KA 70 2246,CUST-1896,Maruti Swift
KL 69 7397,CUST-1897,Tata Nexon
MP 70 0491,CUST-1898,Hyundai Creta
MH 79 6440,CUST-1899,Honda City
MH 04 1918,CUST-1900,Honda City
GJ 74 2817,CUST-1901,Tata Nexon
RJ 95 3215,CUST-1902,Honda City
WB 99 6566,CUST-1903,Hyundai Creta
TN 83 8476,CUST-1904,Hyundai Creta
TN 41 9255,CUST-1905,Maruti Swift
PB 96 3190,CUST-1906,Tata Nexon
AP 31 3397,CUST-1907,Hyundai Creta
DL 58 8405,CUST-1908,Honda City
HR 40 6021,CUST-1909,Honda City
RJ 14 9290,CUST-1910,Honda City
TS 43 6096,CUST-1911,Hyundai Creta
WB 83 3740,CUST-1912,Maruti Swift
TS 58 7831,CUST-1913,Hyundai Creta
TS 93 1937,CUST-1914,Hyundai Creta
TN 89 7547,CUST-1915,Honda City
RJ 76 7198,CUST-1916,Maruti Swift
AP 80 4816,CUST-1917,Tata Nexon
HR 80 0756,CUST-1918,Honda City
HR 71 7759,CUST-1919,Maruti Swift
AP 39 9404,CUST-1920,Hyundai Creta
TN 60 2771,CUST-1921,Honda City
KL 17 1332,CUST-1922,Maruti Swift
TS 79 1632,CUST-1923,Hyundai Creta
KL 78 6705,CUST-1924,Tata Nexon
MH 19 5878,CUST-1925,Hyundai Creta
GJ 57 4616,CUST-1926,Tata Nexon
PB 72 6109,CUST-1927,Tata Nexon
RJ 39 0869,CUST-1928,Honda City
RJ 75 7419,CUST-1929,Maruti Swift
UP 74 5149,CUST-1930,Maruti Swift
GJ 92 3586,CUST-1931,Hyundai Creta
MH 66 2694,CUST-1932,Honda City
WB 30 9237,CUST-1933,Maruti Swift
TS 21 5401,CUST-1934,Honda City
UP 22 0305,CUST-1935,Tata Nexon
DL 67 7003,CUST-1936,Honda City
TS 75 1085,CUST-1937,Maruti Swift
GJ 54 0553,CUST-1938,Honda City
PB 82 0650,CUST-1939,Honda City
RJ 44 9854,CUST-1940,Tata Nexon
RJ 65 3054,CUST-1941,Hyundai Creta
UP 68 5416,CUST-1942,Tata Nexon
PB 56 6067,CUST-1943,Hyundai Creta
WB 93 0790,CUST-1944,Honda City
KA 24 4950,CUST-1945,Maruti Swift
TS 51 3612,CUST-1946,Tata Nexon
GJ 55 4906,CUST-1947,Honda City
UP 35 0885,CUST-1948,Hyundai Creta
KA 11 3792,CUST-1949,Maruti Swift
KA 09 3913,CUST-1950,Hyundai Creta
PB 05 5182,CUST-1951,Tata Nexon
PB 89 2132,CUST-1952,Maruti Swift
TS 87 2554,CUST-1953,Hyundai Creta
TN 09 9610,CUST-1954,Hyundai Creta
MH 18 6254,CUST-1955,Hyundai Creta
UP 46 3004,CUST-1956,Tata Nexon
AP 76 1057,CUST-1957,Maruti Swift
TS 43 8196,CUST-1958,Honda City
HR 85 2183,CUST-1959,Maruti Swift
HR 98 6878,CUST-1960,Tata Nexon
RJ 25 8176,CUST-1961,Tata Nexon
KA 40 4420,CUST-1962,Tata Nexon
MP 91 7673,CUST-1963,Hyundai Creta
KA 23 3328,CUST-1964,Maruti Swift
RJ 94 3476,CUST-1965,Tata Nexon
DL 90 8254,CUST-1966,Tata Nexon
KL 74 8670,CUST-1967,Honda City
TN 21 9861,CUST-1968,Tata Nexon
DL 31 4863,CUST-1969,Tata Nexon
MP 76 4153,CUST-1970,Hyundai Creta
KL 54 8088,CUST-1971,Tata Nexon
KL 96 5511,CUST-1972,Hyundai Creta
UP 97 5729,CUST-1973,Hyundai Creta
DL 70 5969,CUST-1974,Hyundai Creta
KA 29 2468,CUST-1975,Hyundai Creta
AP 56 1031,CUST-1976,Maruti Swift
KA 99 4992,CUST-1977,Maruti Swift
MP 36 4772,CUST-1978,Tata Nexon
GJ 88 8653,CUST-1979,Honda City
MH 33 3170,CUST-1980,Maruti Swift
PB 65 7099,CUST-1981,Tata Nexon
KA 02 7459,CUST-1982,Honda City
AP 25 8160,CUST-1983,Maruti Swift
AP 21 1065,CUST-1984,Maruti Swift
KL 21 4295,CUST-1985,Hyundai Creta
MH 16 4984,CUST-1986,Hyundai Creta
KL 09 0451,CUST-1987,Honda City
WB 16 6068,CUST-1988,Tata Nexon
PB 24 3486,CUST-1989,Honda City
KA 09 4691,CUST-1990,Tata Nexon
TS 95 3379,CUST-1991,Hyundai Creta
KL 25 9399,CUST-1992,Honda City
WB 66 0048,CUST-1993,Honda City
MH 59 8970,CUST-1994,Maruti Swift
KL 66 8629,CUST-1995,Maruti Swift
AP 07 7574,CUST-1996,Hyundai Creta
GJ 22 9682,CUST-1997,Hyundai Creta
RJ 36 9806,CUST-1998,Honda City
RJ 54 3350,CUST-1999,Hyundai Creta
DL 82 7527,CUST-2000,Tata Nexon
